{
	"credit": "Made with Blockbench",
	"texture_size": [2048, 2048],
	"textures": {
		"0": "townmap/hdbase",
		"1": "townmap/pushpin",
		"particle": "townmap/hdbase"
	},
	"elements": [
		{
			"name": "Bottom",
			"from": [0, 2.7, 7],
			"to": [16, 2.7, 7.25],
			"faces": {
				"north": {"uv": [0, 0, 0.125, 0], "texture": "#missing"},
				"east": {"uv": [0, 0, 0.00195, 0], "texture": "#missing"},
				"south": {"uv": [0, 0, 0.125, 0], "texture": "#missing"},
				"west": {"uv": [0, 0, 0.00195, 0], "texture": "#missing"},
				"up": {"uv": [0.09375, 0, 0.21875, 0.00195], "texture": "#missing"},
				"down": {"uv": [0.09375, 2.71484, 0.15625, 13.11328], "texture": "#0"}
			}
		},
		{
			"name": "Map",
			"from": [0, 0, 7],
			"to": [16, 16, 7.25],
			"faces": {
				"north": {"uv": [0, 0, 16, 16], "texture": "#0"},
				"east": {"uv": [0.09375, 0, 0.13281, 16], "texture": "#0"},
				"south": {"uv": [0, 0, 16, 16], "texture": "#0"},
				"west": {"uv": [0.09375, 0, 0.13281, 16], "texture": "#0"},
				"up": {"uv": [0, 0, 16, 0.49219], "texture": "#0"},
				"down": {"uv": [0, 0, 16, 0.49219], "texture": "#0"}
			}
		},
		{
			"name": "Top",
			"from": [0, 13.3, 7],
			"to": [16, 13.3, 7.25],
			"faces": {
				"north": {"uv": [0, 0, 0.125, 0], "texture": "#missing"},
				"east": {"uv": [0, 0, 0.00195, 0], "texture": "#missing"},
				"south": {"uv": [0, 0, 0.125, 0], "texture": "#missing"},
				"west": {"uv": [0, 0, 0.00195, 0], "texture": "#missing"},
				"up": {"uv": [0.09375, 2.71484, 0.15625, 13.11328], "texture": "#0"},
				"down": {"uv": [0, 0, 0.125, 0.00195], "texture": "#missing"}
			}
		},
		{
			"from": [8.525, 8.1, 6.5],
			"to": [8.65, 8.225, 7],
			"faces": {
				"north": {"uv": [0, 12, 15, 16], "texture": "#1"},
				"east": {"uv": [0, 12, 15, 16], "texture": "#1"},
				"south": {"uv": [0, 12, 15, 16], "texture": "#1"},
				"west": {"uv": [0, 12, 15, 16], "texture": "#1"},
				"up": {"uv": [0, 12, 15, 16], "texture": "#1"},
				"down": {"uv": [0, 12, 15, 16], "texture": "#1"}
			}
		},
		{
			"from": [8.475, 8.025, 6.3],
			"to": [8.725, 8.275, 6.55],
			"faces": {
				"north": {"uv": [1, 1, 3, 3], "texture": "#1"},
				"east": {"uv": [0, 2, 4, 6], "texture": "#1"},
				"south": {"uv": [2, 2, 6, 6], "texture": "#1"},
				"west": {"uv": [2, 0, 6, 4], "texture": "#1"},
				"up": {"uv": [1, 1, 5, 5], "texture": "#1"},
				"down": {"uv": [1, 2, 5, 6], "texture": "#1"}
			}
		}
	],
	"display": {
		"thirdperson_righthand": {
			"rotation": [0, -180, 0],
			"translation": [0, 2.5, 0],
			"scale": [0.5, 0.5, 0.5]
		},
		"thirdperson_lefthand": {
			"rotation": [0, -180, 0],
			"translation": [0, 2.5, 0],
			"scale": [0.5, 0.5, 0.5]
		},
		"firstperson_righthand": {
			"rotation": [0, -180, 0],
			"translation": [-9, 8.25, -0.5]
		},
		"firstperson_lefthand": {
			"rotation": [0, -180, 0],
			"translation": [-1.25, 4, 0],
			"scale": [0.4, 0.4, 0.4]
		},
		"ground": {
			"scale": [0.5, 0.5, 0.5]
		},
		"gui": {
			"rotation": [0, -180, 0],
			"scale": [0.9, 0.9, 0.9]
		}
	},
	"groups": [
		{
			"name": "Map",
			"origin": [0, 0, 0],
			"color": 0,
			"children": [0, 1, 2]
		},
		{
			"name": "Push Pin",
			"origin": [8, 8, 8],
			"color": 0,
			"children": [3, 4]
		}
	]
}