{
	"credit": "Made with Blockbench",
	"textures": {
		"0": "playeritems/h1",
		"1": "playeritems/h2",
		"3": "playeritems/h4",
		"4": "playeritems/h5",
		"5": "playeritems/h6"
	},
	"elements": [
		{
			"from": [9.67043, 0, 2.4525],
			"to": [10.67043, 0.8, 3.4525],
			"rotation": {"angle": 22.5, "axis": "y", "origin": [2.67043, 8, 10.4525]},
			"faces": {
				"north": {"uv": [0, 0, 16, 16], "texture": "#0"},
				"east": {"uv": [0, 0, 16, 15.8], "texture": "#0"},
				"south": {"uv": [0, 0, 16, 16], "texture": "#0"},
				"west": {"uv": [0, 0, 16, 15.8], "texture": "#0"},
				"up": {"uv": [0, 0, 16, 16], "texture": "#0"},
				"down": {"uv": [0, 0, 16, 16], "texture": "#0"}
			}
		},
		{
			"from": [7, 0, 0],
			"to": [8, 0.8, 1],
			"faces": {
				"north": {"uv": [0, 0, 16, 16], "texture": "#0"},
				"east": {"uv": [0, 0, 16, 15.8], "texture": "#0"},
				"south": {"uv": [0, 0, 16, 16], "texture": "#0"},
				"west": {"uv": [0, 0, 16, 15.8], "texture": "#0"},
				"up": {"uv": [0, 0, 16, 16], "texture": "#0"},
				"down": {"uv": [0, 0, 16, 16], "texture": "#0"}
			}
		},
		{
			"from": [6.21677, 0, 0.91822],
			"to": [7.21677, 0.8, 1.91822],
			"rotation": {"angle": -45, "axis": "y", "origin": [8.21677, 8, 3.91822]},
			"faces": {
				"north": {"uv": [0, 0, 16, 16], "texture": "#0"},
				"east": {"uv": [0, 0, 16, 15.8], "texture": "#0"},
				"south": {"uv": [0, 0, 16, 16], "texture": "#0"},
				"west": {"uv": [0, 0, 16, 15.8], "texture": "#0"},
				"up": {"uv": [0, 0, 16, 16], "texture": "#0"},
				"down": {"uv": [0, 0, 16, 16], "texture": "#0"}
			}
		},
		{
			"from": [4.32957, 0, 2.4525],
			"to": [5.32957, 0.8, 3.4525],
			"rotation": {"angle": -22.5, "axis": "y", "origin": [12.32957, 8, 10.4525]},
			"faces": {
				"north": {"uv": [0, 0, 16, 16], "texture": "#0"},
				"east": {"uv": [0, 0, 16, 15.8], "texture": "#0"},
				"south": {"uv": [0, 0, 16, 16], "texture": "#0"},
				"west": {"uv": [0, 0, 16, 15.8], "texture": "#0"},
				"up": {"uv": [0, 0, 16, 16], "texture": "#0"},
				"down": {"uv": [0, 0, 16, 16], "texture": "#0"}
			}
		},
		{
			"from": [12.30142, 0, 3.54229],
			"to": [13.30142, 0.8, 4.54229],
			"rotation": {"angle": 22.5, "axis": "y", "origin": [5.30142, 8, 11.54229]},
			"faces": {
				"north": {"uv": [0, 0, 16, 16], "texture": "#0"},
				"east": {"uv": [0, 0, 16, 15.8], "texture": "#0"},
				"south": {"uv": [0, 0, 16, 16], "texture": "#0"},
				"west": {"uv": [0, 0, 16, 15.8], "texture": "#0"},
				"up": {"uv": [0, 0, 16, 16], "rotation": 90, "texture": "#0"},
				"down": {"uv": [0, 0, 16, 16], "rotation": 270, "texture": "#0"}
			}
		},
		{
			"from": [9.01367, 0, 2.01367],
			"to": [10.01367, 0.8, 6.51367],
			"rotation": {"angle": 0, "axis": "y", "origin": [2.01367, 8, 10.01367]},
			"faces": {
				"north": {"uv": [0, 0, 16, 16], "texture": "#0"},
				"east": {"uv": [0, 0, 16, 15.8], "texture": "#0"},
				"south": {"uv": [0, 0, 16, 16], "texture": "#0"},
				"west": {"uv": [0, 0, 16, 15.8], "texture": "#0"},
				"up": {"uv": [0, 0, 16, 16], "rotation": 90, "texture": "#0"},
				"down": {"uv": [0, 0, 16, 16], "rotation": 270, "texture": "#0"}
			}
		},
		{
			"from": [4.98633, 0, 2.01367],
			"to": [5.98633, 0.8, 6.51367],
			"rotation": {"angle": 0, "axis": "y", "origin": [12.98633, 8, 10.01367]},
			"faces": {
				"north": {"uv": [0, 0, 16, 16], "texture": "#0"},
				"east": {"uv": [0, 0, 16, 15.8], "texture": "#0"},
				"south": {"uv": [0, 0, 16, 16], "texture": "#0"},
				"west": {"uv": [0, 0, 16, 15.8], "texture": "#0"},
				"up": {"uv": [0, 0, 16, 16], "rotation": 90, "texture": "#0"},
				"down": {"uv": [0, 0, 16, 16], "rotation": 270, "texture": "#0"}
			}
		},
		{
			"from": [1.69858, 0, 3.54229],
			"to": [2.69858, 0.8, 4.54229],
			"rotation": {"angle": -22.5, "axis": "y", "origin": [9.69858, 8, 11.54229]},
			"faces": {
				"north": {"uv": [0, 0, 16, 16], "texture": "#0"},
				"east": {"uv": [0, 0, 16, 15.8], "texture": "#0"},
				"south": {"uv": [0, 0, 16, 16], "texture": "#0"},
				"west": {"uv": [0, 0, 16, 15.8], "texture": "#0"},
				"up": {"uv": [0, 0, 16, 16], "rotation": 90, "texture": "#0"},
				"down": {"uv": [0, 0, 16, 16], "rotation": 270, "texture": "#0"}
			}
		},
		{
			"from": [7.78323, 0, 0.91822],
			"to": [8.78323, 0.8, 1.91822],
			"rotation": {"angle": 45, "axis": "y", "origin": [6.78323, 8, 3.91822]},
			"faces": {
				"north": {"uv": [0, 0, 16, 16], "texture": "#0"},
				"east": {"uv": [0, 0, 16, 15.8], "texture": "#0"},
				"south": {"uv": [0, 0, 16, 16], "texture": "#0"},
				"west": {"uv": [0, 0, 16, 15.8], "texture": "#0"},
				"up": {"uv": [0, 0, 16, 16], "texture": "#0"},
				"down": {"uv": [0, 0, 16, 16], "texture": "#0"}
			}
		},
		{
			"from": [5, 0, 5.5],
			"to": [10, 0.8, 6],
			"faces": {
				"north": {"uv": [0, 0, 16, 16], "texture": "#0"},
				"east": {"uv": [0, 0, 16, 15.8], "texture": "#0"},
				"south": {"uv": [0, 0, 16, 16], "texture": "#0"},
				"west": {"uv": [0, 0, 16, 15.8], "texture": "#0"},
				"up": {"uv": [0, 0, 16, 16], "texture": "#0"},
				"down": {"uv": [0, 0, 16, 16], "texture": "#0"}
			}
		},
		{
			"from": [1.01367, 0, 8.41316],
			"to": [2.01367, 0.8, 9.41316],
			"rotation": {"angle": -45, "axis": "y", "origin": [9.01367, 8, 16.41316]},
			"faces": {
				"north": {"uv": [0, 0, 16, 16], "texture": "#0"},
				"east": {"uv": [0, 0, 16, 15.8], "texture": "#0"},
				"south": {"uv": [0, 0, 16, 16], "texture": "#0"},
				"west": {"uv": [0, 0, 16, 15.8], "texture": "#0"},
				"up": {"uv": [0, 0, 16, 16], "texture": "#0"},
				"down": {"uv": [0, 0, 16, 16], "texture": "#0"}
			}
		},
		{
			"from": [-2.01367, 0, 8.41316],
			"to": [-1.01367, 0.8, 9.41316],
			"rotation": {"angle": -45, "axis": "y", "origin": [5.98633, 8, 16.41316]},
			"faces": {
				"north": {"uv": [0, 0, 16, 16], "texture": "#0"},
				"east": {"uv": [0, 0, 16, 15.8], "texture": "#0"},
				"south": {"uv": [0, 0, 16, 16], "texture": "#0"},
				"west": {"uv": [0, 0, 16, 15.8], "texture": "#0"},
				"up": {"uv": [0, 0, 16, 16], "texture": "#0"},
				"down": {"uv": [0, 0, 16, 16], "texture": "#0"}
			}
		},
		{
			"from": [5.9, 0, 1],
			"to": [9.1, 0.7, 3.5],
			"rotation": {"angle": 0, "axis": "y", "origin": [13.98633, 8, 10.01367]},
			"faces": {
				"north": {"uv": [0, 0, 3.2, 0.7], "texture": "#missing"},
				"east": {"uv": [0, 0, 2.5, 0.7], "texture": "#missing"},
				"south": {"uv": [0, 0, 3.2, 0.7], "texture": "#missing"},
				"west": {"uv": [0, 0, 2.5, 0.7], "texture": "#missing"},
				"up": {"uv": [0, 0, 3.2, 2.5], "texture": "#1"},
				"down": {"uv": [0, 0, 3.2, 2.5], "texture": "#0"}
			}
		},
		{
			"from": [7, 0, 6],
			"to": [8, 0.8, 6.3],
			"faces": {
				"north": {"uv": [0, 0, 1, 0.8], "texture": "#1"},
				"east": {"uv": [0, 0, 0.3, 0.8], "texture": "#1"},
				"south": {"uv": [0, 0, 1, 0.8], "texture": "#1"},
				"west": {"uv": [0, 0, 0.3, 0.8], "texture": "#1"},
				"up": {"uv": [0, 0, 1, 0.3], "texture": "#1"},
				"down": {"uv": [0, 0, 1, 0.3], "texture": "#1"}
			}
		},
		{
			"from": [5.9, 0, 3.01367],
			"to": [9.1, 1, 5.51367],
			"rotation": {"angle": 0, "axis": "y", "origin": [13.98633, 8, 10.01367]},
			"faces": {
				"north": {"uv": [0, 15, 16, 16], "texture": "#4"},
				"east": {"uv": [0, 0, 1, 16], "rotation": 90, "texture": "#4"},
				"south": {"uv": [0, 0, 16, 1], "texture": "#4"},
				"west": {"uv": [15, 0, 16, 16], "rotation": 90, "texture": "#4"},
				"up": {"uv": [0, 0, 16, 16], "texture": "#4"},
				"down": {"uv": [0, 0, 3, 2.5], "texture": "#0"}
			}
		},
		{
			"from": [7.45, 0.6, 2.1],
			"to": [7.59, 0.74, 2.24],
			"rotation": {"angle": 0, "axis": "y", "origin": [8, 1.12, 8]},
			"faces": {
				"north": {"uv": [7, 7, 8, 8], "texture": "#3"},
				"east": {"uv": [7, 7, 8, 8], "texture": "#3"},
				"south": {"uv": [7, 7, 8, 8], "texture": "#3"},
				"west": {"uv": [7, 7, 8, 8], "texture": "#3"},
				"up": {"uv": [7, 7, 8, 8], "texture": "#3"},
				"down": {"uv": [7, 7, 8, 8], "texture": "#3"}
			}
		},
		{
			"from": [13.3, 0.5, 3.5],
			"to": [13.8, 1, 4],
			"rotation": {"angle": 45, "axis": "y", "origin": [8, 4, 8]},
			"faces": {
				"north": {"uv": [0, 0, 1, 1], "texture": "#1"},
				"east": {"uv": [0, 0, 1, 1], "texture": "#1"},
				"south": {"uv": [0, 0, 1, 1], "texture": "#1"},
				"west": {"uv": [0, 0, 1, 1], "texture": "#1"},
				"up": {"uv": [0, 0, 1, 1], "rotation": 90, "texture": "#1"},
				"down": {"uv": [0, 0, 1, 1], "rotation": 270, "texture": "#1"}
			}
		},
		{
			"from": [5, 0, 6.3],
			"to": [10, 0.5, 11.3],
			"faces": {
				"up": {"uv": [-0.125, -0.125, 15.875, 15.875], "rotation": 180, "texture": "#5"}
			}
		}
	],
	"display": {
		"thirdperson_righthand": {
			"rotation": [0, 180, 0],
			"translation": [-0.5, 7.5, -4],
			"scale": [0.78, 1, 0.8]
		},
		"thirdperson_lefthand": {
			"rotation": [0, 180, 0],
			"translation": [0.25, 7.5, -4],
			"scale": [0.78, 1, 0.8]
		},
		"firstperson_righthand": {
			"rotation": [61, 180, -33],
			"translation": [-3.25, 10.25, 1.75]
		},
		"firstperson_lefthand": {
			"rotation": [61, 180, -33],
			"translation": [-3.25, 10.25, 1.75]
		},
		"ground": {
			"translation": [0.5, 6, 4.75]
		},
		"gui": {
			"rotation": [50, 160, 0],
			"translation": [0.75, 6.25, 0]
		},
		"head": {
			"rotation": [0, -27, 0],
			"translation": [-2.5, -37, 4.5]
		},
		"fixed": {
			"rotation": [-90, 0, 0],
			"translation": [0.25, 4.25, -7.75]
		}
	},
	"groups": [
		{
			"name": "Holocaster Curve/Body (Green)",
			"origin": [6.78323, 8, 3.91822],
			"children": [0, 1, 2, 3, 4, 5, 6, 7, 8, 9, 10, 11]
		}, 12, 13,
		{
			"name": "Holocaster Screen",
			"origin": [13.98633, 8, 10.01367],
			"children": [14]
		}, 15, 16, 17]
}