{
	"parent": "item/handheld",
	"textures": {
		"layer0": "items/carrot_on_a_stick"
	},
	"overrides": [
		{ "predicate": { "damage": 0 }, "model": "playeritems/holocasteroff" },
		{ "predicate": { "damaged": 0, "damage": 0.00398406374502 }, "model": "" },
		{ "predicate": { "damaged": 0, "damage": 0.00796812749004 }, "model": "" },
		{ "predicate": { "damaged": 0, "damage": 0.01195219123506 }, "model": "" },
		{ "predicate": { "damaged": 0, "damage": 0.01593625498008 }, "model": "" },
		{ "predicate": { "damaged": 0, "damage": 0.0199203187251 }, "model": "" },
		{ "predicate": { "damaged": 0, "damage": 0.02390438247012 }, "model": "" },
		{ "predicate": { "damaged": 0, "damage": 0.027888446215139 }, "model": "" },
		{ "predicate": { "damaged": 0, "damage": 0.031872509960159 }, "model": "item/carrot_on_a_stick8" },
		{ "predicate": { "damaged": 0, "damage": 0.035856573705179 }, "model": "item/carrot_on_a_stick9" },
		{ "predicate": { "damaged": 0, "damage": 0.039840637450199 }, "model": "playeritems/holocasteron" },
		{ "predicate": { "damaged": 0, "damage": 0.043824701195219 }, "model": "item/carrot_on_a_stick11" },
		{ "predicate": { "damaged": 0, "damage": 0.047808764940239 }, "model": "item/carrot_on_a_stick12" },
		{ "predicate": { "damaged": 0, "damage": 0.051792828685259 }, "model": "item/carrot_on_a_stick13" },
		{ "predicate": { "damaged": 0, "damage": 0.055776892430279 }, "model": "item/carrot_on_a_stick14" },
		{ "predicate": { "damaged": 0, "damage": 0.059760956175299 }, "model": "item/carrot_on_a_stick15" },
		{ "predicate": { "damaged": 0, "damage": 0.063745019920319 }, "model": "item/carrot_on_a_stick16" },
		{ "predicate": { "damaged": 0, "damage": 0.067729083665339 }, "model": "item/carrot_on_a_stick17" },
		{ "predicate": { "damaged": 0, "damage": 0.071713147410359 }, "model": "item/carrot_on_a_stick18" },
		{ "predicate": { "damaged": 0, "damage": 0.075697211155378 }, "model": "item/carrot_on_a_stick19" },
		{ "predicate": { "damaged": 0, "damage": 0.079681274900398 }, "model": "holocaster/lysandre" },
		{ "predicate": { "damaged": 0, "damage": 0.083665338645418 }, "model": "item/carrot_on_a_stick21" },
		{ "predicate": { "damaged": 0, "damage": 0.087649402390438 }, "model": "item/carrot_on_a_stick22" },
		{ "predicate": { "damaged": 0, "damage": 0.091633466135458 }, "model": "item/carrot_on_a_stick23" },
		{ "predicate": { "damaged": 0, "damage": 0.095617529880478 }, "model": "item/carrot_on_a_stick24" },
		{ "predicate": { "damaged": 0, "damage": 0.099601593625498 }, "model": "item/carrot_on_a_stick25" },
		{ "predicate": { "damaged": 0, "damage": 0.103585657370518 }, "model": "item/carrot_on_a_stick26" },
		{ "predicate": { "damaged": 0, "damage": 0.107569721115538 }, "model": "item/carrot_on_a_stick27" },
		{ "predicate": { "damaged": 0, "damage": 0.111553784860558 }, "model": "item/carrot_on_a_stick28" },
		{ "predicate": { "damaged": 0, "damage": 0.115537848605578 }, "model": "item/carrot_on_a_stick29" },
		{ "predicate": { "damaged": 0, "damage": 0.119521912350598 }, "model": "holocaster/sycamore" },
		{ "predicate": { "damaged": 0, "damage": 0.123505976095618 }, "model": "item/carrot_on_a_stick31" },
		{ "predicate": { "damaged": 0, "damage": 0.127490039840637 }, "model": "item/carrot_on_a_stick32" },
		{ "predicate": { "damaged": 0, "damage": 0.131474103585657 }, "model": "item/carrot_on_a_stick33" },
		{ "predicate": { "damaged": 0, "damage": 0.135458167330677 }, "model": "item/carrot_on_a_stick34" },
		{ "predicate": { "damaged": 0, "damage": 0.139442231075697 }, "model": "item/carrot_on_a_stick35" },
		{ "predicate": { "damaged": 0, "damage": 0.143426294820717 }, "model": "item/carrot_on_a_stick36" },
		{ "predicate": { "damaged": 0, "damage": 0.147410358565737 }, "model": "item/carrot_on_a_stick37" },
		{ "predicate": { "damaged": 0, "damage": 0.151394422310757 }, "model": "item/carrot_on_a_stick38" },
		{ "predicate": { "damaged": 0, "damage": 0.155378486055777 }, "model": "item/carrot_on_a_stick39" },
		{ "predicate": { "damaged": 0, "damage": 0.159362549800797 }, "model": "holocaster/trevor" },
		{ "predicate": { "damaged": 0, "damage": 0.163346613545817 }, "model": "item/carrot_on_a_stick41" },
		{ "predicate": { "damaged": 0, "damage": 0.167330677290837 }, "model": "item/carrot_on_a_stick42" },
		{ "predicate": { "damaged": 0, "damage": 0.171314741035857 }, "model": "item/carrot_on_a_stick43" },
		{ "predicate": { "damaged": 0, "damage": 0.175298804780877 }, "model": "item/carrot_on_a_stick44" },
		{ "predicate": { "damaged": 0, "damage": 0.179282868525896 }, "model": "item/carrot_on_a_stick45" },
		{ "predicate": { "damaged": 0, "damage": 0.183266932270916 }, "model": "item/carrot_on_a_stick46" },
		{ "predicate": { "damaged": 0, "damage": 0.187250996015936 }, "model": "item/carrot_on_a_stick47" },
		{ "predicate": { "damaged": 0, "damage": 0.191235059760956 }, "model": "item/carrot_on_a_stick48" },
		{ "predicate": { "damaged": 0, "damage": 0.195219123505976 }, "model": "item/carrot_on_a_stick49" },
		{ "predicate": { "damaged": 0, "damage": 0.199203187250996 }, "model": "holocaster/serena" },
		{ "predicate": { "damaged": 0, "damage": 0.203187250996016 }, "model": "item/carrot_on_a_stick51" },
		{ "predicate": { "damaged": 0, "damage": 0.207171314741036 }, "model": "item/carrot_on_a_stick52" },
		{ "predicate": { "damaged": 0, "damage": 0.211155378486056 }, "model": "item/carrot_on_a_stick53" },
		{ "predicate": { "damaged": 0, "damage": 0.215139442231076 }, "model": "item/carrot_on_a_stick54" },
		{ "predicate": { "damaged": 0, "damage": 0.219123505976096 }, "model": "item/carrot_on_a_stick55" },
		{ "predicate": { "damaged": 0, "damage": 0.223107569721116 }, "model": "item/carrot_on_a_stick56" },
		{ "predicate": { "damaged": 0, "damage": 0.227091633466135 }, "model": "item/carrot_on_a_stick57" },
		{ "predicate": { "damaged": 0, "damage": 0.231075697211155 }, "model": "item/carrot_on_a_stick58" },
		{ "predicate": { "damaged": 0, "damage": 0.235059760956175 }, "model": "item/carrot_on_a_stick59" },
		{ "predicate": { "damaged": 0, "damage": 0.239043824701195 }, "model": "holocaster/tierno" },
		{ "predicate": { "damaged": 0, "damage": 0.243027888446215 }, "model": "item/carrot_on_a_stick61" },
		{ "predicate": { "damaged": 0, "damage": 0.247011952191235 }, "model": "item/carrot_on_a_stick62" },
		{ "predicate": { "damaged": 0, "damage": 0.250996015936255 }, "model": "item/carrot_on_a_stick63" },
		{ "predicate": { "damaged": 0, "damage": 0.254980079681275 }, "model": "item/carrot_on_a_stick64" },
		{ "predicate": { "damaged": 0, "damage": 0.258964143426295 }, "model": "item/carrot_on_a_stick65" },
		{ "predicate": { "damaged": 0, "damage": 0.262948207171315 }, "model": "item/carrot_on_a_stick66" },
		{ "predicate": { "damaged": 0, "damage": 0.266932270916335 }, "model": "item/carrot_on_a_stick67" },
		{ "predicate": { "damaged": 0, "damage": 0.270916334661355 }, "model": "item/carrot_on_a_stick68" },
		{ "predicate": { "damaged": 0, "damage": 0.274900398406374 }, "model": "item/carrot_on_a_stick69" },
		{ "predicate": { "damaged": 0, "damage": 0.278884462151394 }, "model": "holocaster/malva" },
		{ "predicate": { "damaged": 0, "damage": 0.282868525896414 }, "model": "item/carrot_on_a_stick71" },
		{ "predicate": { "damaged": 0, "damage": 0.286852589641434 }, "model": "item/carrot_on_a_stick72" },
		{ "predicate": { "damaged": 0, "damage": 0.290836653386454 }, "model": "item/carrot_on_a_stick73" },
		{ "predicate": { "damaged": 0, "damage": 0.294820717131474 }, "model": "item/carrot_on_a_stick74" },
		{ "predicate": { "damaged": 0, "damage": 0.298804780876494 }, "model": "item/carrot_on_a_stick75" },
		{ "predicate": { "damaged": 0, "damage": 0.302788844621514 }, "model": "item/carrot_on_a_stick76" },
		{ "predicate": { "damaged": 0, "damage": 0.306772908366534 }, "model": "item/carrot_on_a_stick77" },
		{ "predicate": { "damaged": 0, "damage": 0.310756972111554 }, "model": "item/carrot_on_a_stick78" },
		{ "predicate": { "damaged": 0, "damage": 0.314741035856574 }, "model": "item/carrot_on_a_stick79" },
		{ "predicate": { "damaged": 0, "damage": 0.318725099601594 }, "model": "item/carrot_on_a_stick80" },
		{ "predicate": { "damaged": 0, "damage": 0.322709163346614 }, "model": "item/carrot_on_a_stick81" },
		{ "predicate": { "damaged": 0, "damage": 0.326693227091633 }, "model": "item/carrot_on_a_stick82" },
		{ "predicate": { "damaged": 0, "damage": 0.330677290836653 }, "model": "item/carrot_on_a_stick83" },
		{ "predicate": { "damaged": 0, "damage": 0.334661354581673 }, "model": "item/carrot_on_a_stick84" },
		{ "predicate": { "damaged": 0, "damage": 0.338645418326693 }, "model": "item/carrot_on_a_stick85" },
		{ "predicate": { "damaged": 0, "damage": 0.342629482071713 }, "model": "item/carrot_on_a_stick86" },
		{ "predicate": { "damaged": 0, "damage": 0.346613545816733 }, "model": "item/carrot_on_a_stick87" },
		{ "predicate": { "damaged": 0, "damage": 0.350597609561753 }, "model": "item/carrot_on_a_stick88" },
		{ "predicate": { "damaged": 0, "damage": 0.354581673306773 }, "model": "item/carrot_on_a_stick89" },
		{ "predicate": { "damaged": 0, "damage": 0.358565737051793 }, "model": "item/carrot_on_a_stick90" },
		{ "predicate": { "damaged": 0, "damage": 0.362549800796813 }, "model": "item/carrot_on_a_stick91" },
		{ "predicate": { "damaged": 0, "damage": 0.366533864541833 }, "model": "item/carrot_on_a_stick92" },
		{ "predicate": { "damaged": 0, "damage": 0.370517928286853 }, "model": "item/carrot_on_a_stick93" },
		{ "predicate": { "damaged": 0, "damage": 0.374501992031873 }, "model": "item/carrot_on_a_stick94" },
		{ "predicate": { "damaged": 0, "damage": 0.378486055776892 }, "model": "item/carrot_on_a_stick95" },
		{ "predicate": { "damaged": 0, "damage": 0.382470119521912 }, "model": "item/carrot_on_a_stick96" },
		{ "predicate": { "damaged": 0, "damage": 0.386454183266932 }, "model": "item/carrot_on_a_stick97" },
		{ "predicate": { "damaged": 0, "damage": 0.390438247011952 }, "model": "item/carrot_on_a_stick98" },
		{ "predicate": { "damaged": 0, "damage": 0.394422310756972 }, "model": "item/carrot_on_a_stick99" },
		{ "predicate": { "damaged": 0, "damage": 0.398406374501992 }, "model": "item/carrot_on_a_stick100" },
		{ "predicate": { "damaged": 0, "damage": 0.402390438247012 }, "model": "item/carrot_on_a_stick101" },
		{ "predicate": { "damaged": 0, "damage": 0.406374501992032 }, "model": "item/carrot_on_a_stick102" },
		{ "predicate": { "damaged": 0, "damage": 0.410358565737052 }, "model": "item/carrot_on_a_stick103" },
		{ "predicate": { "damaged": 0, "damage": 0.414342629482072 }, "model": "item/carrot_on_a_stick104" },
		{ "predicate": { "damaged": 0, "damage": 0.418326693227092 }, "model": "item/carrot_on_a_stick105" },
		{ "predicate": { "damaged": 0, "damage": 0.422310756972112 }, "model": "item/carrot_on_a_stick106" },
		{ "predicate": { "damaged": 0, "damage": 0.426294820717132 }, "model": "item/carrot_on_a_stick107" },
		{ "predicate": { "damaged": 0, "damage": 0.430278884462151 }, "model": "item/carrot_on_a_stick108" },
		{ "predicate": { "damaged": 0, "damage": 0.434262948207171 }, "model": "item/carrot_on_a_stick109" },
		{ "predicate": { "damaged": 0, "damage": 0.438247011952191 }, "model": "item/carrot_on_a_stick110" },
		{ "predicate": { "damaged": 0, "damage": 0.442231075697211 }, "model": "item/carrot_on_a_stick111" },
		{ "predicate": { "damaged": 0, "damage": 0.446215139442231 }, "model": "item/carrot_on_a_stick112" },
		{ "predicate": { "damaged": 0, "damage": 0.450199203187251 }, "model": "item/carrot_on_a_stick113" },
		{ "predicate": { "damaged": 0, "damage": 0.454183266932271 }, "model": "item/carrot_on_a_stick114" },
		{ "predicate": { "damaged": 0, "damage": 0.458167330677291 }, "model": "item/carrot_on_a_stick115" },
		{ "predicate": { "damaged": 0, "damage": 0.462151394422311 }, "model": "item/carrot_on_a_stick116" },
		{ "predicate": { "damaged": 0, "damage": 0.466135458167331 }, "model": "item/carrot_on_a_stick117" },
		{ "predicate": { "damaged": 0, "damage": 0.470119521912351 }, "model": "item/carrot_on_a_stick118" },
		{ "predicate": { "damaged": 0, "damage": 0.474103585657371 }, "model": "item/carrot_on_a_stick119" },
		{ "predicate": { "damaged": 0, "damage": 0.47808764940239 }, "model": "item/carrot_on_a_stick120" },
		{ "predicate": { "damaged": 0, "damage": 0.48207171314741 }, "model": "item/carrot_on_a_stick121" },
		{ "predicate": { "damaged": 0, "damage": 0.48605577689243 }, "model": "item/carrot_on_a_stick122" },
		{ "predicate": { "damaged": 0, "damage": 0.49003984063745 }, "model": "item/carrot_on_a_stick123" },
		{ "predicate": { "damaged": 0, "damage": 0.49402390438247 }, "model": "item/carrot_on_a_stick124" },
		{ "predicate": { "damaged": 0, "damage": 0.49800796812749 }, "model": "item/carrot_on_a_stick125" },
		{ "predicate": { "damaged": 0, "damage": 0.50199203187251 }, "model": "item/carrot_on_a_stick126" },
		{ "predicate": { "damaged": 0, "damage": 0.50597609561753 }, "model": "item/carrot_on_a_stick127" },
		{ "predicate": { "damaged": 0, "damage": 0.50996015936255 }, "model": "item/carrot_on_a_stick128" },
		{ "predicate": { "damaged": 0, "damage": 0.51394422310757 }, "model": "item/carrot_on_a_stick129" },
		{ "predicate": { "damaged": 0, "damage": 0.51792828685259 }, "model": "item/carrot_on_a_stick130" },
		{ "predicate": { "damaged": 0, "damage": 0.52191235059761 }, "model": "item/carrot_on_a_stick131" },
		{ "predicate": { "damaged": 0, "damage": 0.525896414342629 }, "model": "item/carrot_on_a_stick132" },
		{ "predicate": { "damaged": 0, "damage": 0.529880478087649 }, "model": "item/carrot_on_a_stick133" },
		{ "predicate": { "damaged": 0, "damage": 0.533864541832669 }, "model": "item/carrot_on_a_stick134" },
		{ "predicate": { "damaged": 0, "damage": 0.537848605577689 }, "model": "item/carrot_on_a_stick135" },
		{ "predicate": { "damaged": 0, "damage": 0.541832669322709 }, "model": "item/carrot_on_a_stick136" },
		{ "predicate": { "damaged": 0, "damage": 0.545816733067729 }, "model": "item/carrot_on_a_stick137" },
		{ "predicate": { "damaged": 0, "damage": 0.549800796812749 }, "model": "item/carrot_on_a_stick138" },
		{ "predicate": { "damaged": 0, "damage": 0.553784860557769 }, "model": "item/carrot_on_a_stick139" },
		{ "predicate": { "damaged": 0, "damage": 0.557768924302789 }, "model": "item/carrot_on_a_stick140" },
		{ "predicate": { "damaged": 0, "damage": 0.561752988047809 }, "model": "item/carrot_on_a_stick141" },
		{ "predicate": { "damaged": 0, "damage": 0.565737051792829 }, "model": "item/carrot_on_a_stick142" },
		{ "predicate": { "damaged": 0, "damage": 0.569721115537849 }, "model": "item/carrot_on_a_stick143" },
		{ "predicate": { "damaged": 0, "damage": 0.573705179282869 }, "model": "item/carrot_on_a_stick144" },
		{ "predicate": { "damaged": 0, "damage": 0.577689243027889 }, "model": "item/carrot_on_a_stick145" },
		{ "predicate": { "damaged": 0, "damage": 0.581673306772908 }, "model": "item/carrot_on_a_stick146" },
		{ "predicate": { "damaged": 0, "damage": 0.585657370517928 }, "model": "item/carrot_on_a_stick147" },
		{ "predicate": { "damaged": 0, "damage": 0.589641434262948 }, "model": "item/carrot_on_a_stick148" },
		{ "predicate": { "damaged": 0, "damage": 0.593625498007968 }, "model": "item/carrot_on_a_stick149" },
		{ "predicate": { "damaged": 0, "damage": 0.597609561752988 }, "model": "item/carrot_on_a_stick150" },
		{ "predicate": { "damaged": 0, "damage": 0.601593625498008 }, "model": "item/carrot_on_a_stick151" },
		{ "predicate": { "damaged": 0, "damage": 0.605577689243028 }, "model": "item/carrot_on_a_stick152" },
		{ "predicate": { "damaged": 0, "damage": 0.609561752988048 }, "model": "item/carrot_on_a_stick153" },
		{ "predicate": { "damaged": 0, "damage": 0.613545816733068 }, "model": "item/carrot_on_a_stick154" },
		{ "predicate": { "damaged": 0, "damage": 0.617529880478088 }, "model": "item/carrot_on_a_stick155" },
		{ "predicate": { "damaged": 0, "damage": 0.621513944223108 }, "model": "item/carrot_on_a_stick156" },
		{ "predicate": { "damaged": 0, "damage": 0.625498007968128 }, "model": "item/carrot_on_a_stick157" },
		{ "predicate": { "damaged": 0, "damage": 0.629482071713147 }, "model": "item/carrot_on_a_stick158" },
		{ "predicate": { "damaged": 0, "damage": 0.633466135458167 }, "model": "item/carrot_on_a_stick159" },
		{ "predicate": { "damaged": 0, "damage": 0.637450199203187 }, "model": "item/carrot_on_a_stick160" },
		{ "predicate": { "damaged": 0, "damage": 0.641434262948207 }, "model": "item/carrot_on_a_stick161" },
		{ "predicate": { "damaged": 0, "damage": 0.645418326693227 }, "model": "item/carrot_on_a_stick162" },
		{ "predicate": { "damaged": 0, "damage": 0.649402390438247 }, "model": "item/carrot_on_a_stick163" },
		{ "predicate": { "damaged": 0, "damage": 0.653386454183267 }, "model": "item/carrot_on_a_stick164" },
		{ "predicate": { "damaged": 0, "damage": 0.657370517928287 }, "model": "item/carrot_on_a_stick165" },
		{ "predicate": { "damaged": 0, "damage": 0.661354581673307 }, "model": "item/carrot_on_a_stick166" },
		{ "predicate": { "damaged": 0, "damage": 0.665338645418327 }, "model": "item/carrot_on_a_stick167" },
		{ "predicate": { "damaged": 0, "damage": 0.669322709163347 }, "model": "item/carrot_on_a_stick168" },
		{ "predicate": { "damaged": 0, "damage": 0.673306772908367 }, "model": "item/carrot_on_a_stick169" },
		{ "predicate": { "damaged": 0, "damage": 0.677290836653386 }, "model": "item/carrot_on_a_stick170" },
		{ "predicate": { "damaged": 0, "damage": 0.681274900398406 }, "model": "item/carrot_on_a_stick171" },
		{ "predicate": { "damaged": 0, "damage": 0.685258964143426 }, "model": "item/carrot_on_a_stick172" },
		{ "predicate": { "damaged": 0, "damage": 0.689243027888446 }, "model": "item/carrot_on_a_stick173" },
		{ "predicate": { "damaged": 0, "damage": 0.693227091633466 }, "model": "item/carrot_on_a_stick174" },
		{ "predicate": { "damaged": 0, "damage": 0.697211155378486 }, "model": "item/carrot_on_a_stick175" },
		{ "predicate": { "damaged": 0, "damage": 0.701195219123506 }, "model": "item/carrot_on_a_stick176" },
		{ "predicate": { "damaged": 0, "damage": 0.705179282868526 }, "model": "item/carrot_on_a_stick177" },
		{ "predicate": { "damaged": 0, "damage": 0.709163346613546 }, "model": "item/carrot_on_a_stick178" },
		{ "predicate": { "damaged": 0, "damage": 0.713147410358566 }, "model": "item/carrot_on_a_stick179" },
		{ "predicate": { "damaged": 0, "damage": 0.717131474103586 }, "model": "item/carrot_on_a_stick180" },
		{ "predicate": { "damaged": 0, "damage": 0.721115537848606 }, "model": "item/carrot_on_a_stick181" },
		{ "predicate": { "damaged": 0, "damage": 0.725099601593626 }, "model": "item/carrot_on_a_stick182" },
		{ "predicate": { "damaged": 0, "damage": 0.729083665338645 }, "model": "item/carrot_on_a_stick183" },
		{ "predicate": { "damaged": 0, "damage": 0.733067729083665 }, "model": "item/carrot_on_a_stick184" },
		{ "predicate": { "damaged": 0, "damage": 0.737051792828685 }, "model": "item/carrot_on_a_stick185" },
		{ "predicate": { "damaged": 0, "damage": 0.741035856573705 }, "model": "item/carrot_on_a_stick186" },
		{ "predicate": { "damaged": 0, "damage": 0.745019920318725 }, "model": "item/carrot_on_a_stick187" },
		{ "predicate": { "damaged": 0, "damage": 0.749003984063745 }, "model": "item/carrot_on_a_stick188" },
		{ "predicate": { "damaged": 0, "damage": 0.752988047808765 }, "model": "item/carrot_on_a_stick189" },
		{ "predicate": { "damaged": 0, "damage": 0.756972111553785 }, "model": "item/carrot_on_a_stick190" },
		{ "predicate": { "damaged": 0, "damage": 0.760956175298805 }, "model": "item/carrot_on_a_stick191" },
		{ "predicate": { "damaged": 0, "damage": 0.764940239043825 }, "model": "item/carrot_on_a_stick192" },
		{ "predicate": { "damaged": 0, "damage": 0.768924302788845 }, "model": "item/carrot_on_a_stick193" },
		{ "predicate": { "damaged": 0, "damage": 0.772908366533865 }, "model": "item/carrot_on_a_stick194" },
		{ "predicate": { "damaged": 0, "damage": 0.776892430278885 }, "model": "item/carrot_on_a_stick195" },
		{ "predicate": { "damaged": 0, "damage": 0.780876494023904 }, "model": "item/carrot_on_a_stick196" },
		{ "predicate": { "damaged": 0, "damage": 0.784860557768924 }, "model": "item/carrot_on_a_stick197" },
		{ "predicate": { "damaged": 0, "damage": 0.788844621513944 }, "model": "item/carrot_on_a_stick198" },
		{ "predicate": { "damaged": 0, "damage": 0.792828685258964 }, "model": "item/carrot_on_a_stick199" },
		{ "predicate": { "damaged": 0, "damage": 0.796812749003984 }, "model": "item/carrot_on_a_stick200" },
		{ "predicate": { "damaged": 0, "damage": 0.800796812749004 }, "model": "item/carrot_on_a_stick201" },
		{ "predicate": { "damaged": 0, "damage": 0.804780876494024 }, "model": "item/carrot_on_a_stick202" },
		{ "predicate": { "damaged": 0, "damage": 0.808764940239044 }, "model": "item/carrot_on_a_stick203" },
		{ "predicate": { "damaged": 0, "damage": 0.812749003984064 }, "model": "item/carrot_on_a_stick204" },
		{ "predicate": { "damaged": 0, "damage": 0.816733067729084 }, "model": "item/carrot_on_a_stick205" },
		{ "predicate": { "damaged": 0, "damage": 0.820717131474104 }, "model": "item/carrot_on_a_stick206" },
		{ "predicate": { "damaged": 0, "damage": 0.824701195219124 }, "model": "item/carrot_on_a_stick207" },
		{ "predicate": { "damaged": 0, "damage": 0.828685258964143 }, "model": "item/carrot_on_a_stick208" },
		{ "predicate": { "damaged": 0, "damage": 0.832669322709163 }, "model": "item/carrot_on_a_stick209" },
		{ "predicate": { "damaged": 0, "damage": 0.836653386454183 }, "model": "item/carrot_on_a_stick210" },
		{ "predicate": { "damaged": 0, "damage": 0.840637450199203 }, "model": "item/carrot_on_a_stick211" },
		{ "predicate": { "damaged": 0, "damage": 0.844621513944223 }, "model": "item/carrot_on_a_stick212" },
		{ "predicate": { "damaged": 0, "damage": 0.848605577689243 }, "model": "item/carrot_on_a_stick213" },
		{ "predicate": { "damaged": 0, "damage": 0.852589641434263 }, "model": "item/carrot_on_a_stick214" },
		{ "predicate": { "damaged": 0, "damage": 0.856573705179283 }, "model": "item/carrot_on_a_stick215" },
		{ "predicate": { "damaged": 0, "damage": 0.860557768924303 }, "model": "item/carrot_on_a_stick216" },
		{ "predicate": { "damaged": 0, "damage": 0.864541832669323 }, "model": "item/carrot_on_a_stick217" },
		{ "predicate": { "damaged": 0, "damage": 0.868525896414343 }, "model": "item/carrot_on_a_stick218" },
		{ "predicate": { "damaged": 0, "damage": 0.872509960159363 }, "model": "item/carrot_on_a_stick219" },
		{ "predicate": { "damaged": 0, "damage": 0.876494023904383 }, "model": "item/carrot_on_a_stick220" },
		{ "predicate": { "damaged": 0, "damage": 0.880478087649402 }, "model": "item/carrot_on_a_stick221" },
		{ "predicate": { "damaged": 0, "damage": 0.884462151394422 }, "model": "item/carrot_on_a_stick222" },
		{ "predicate": { "damaged": 0, "damage": 0.888446215139442 }, "model": "item/carrot_on_a_stick223" },
		{ "predicate": { "damaged": 0, "damage": 0.892430278884462 }, "model": "item/carrot_on_a_stick224" },
		{ "predicate": { "damaged": 0, "damage": 0.896414342629482 }, "model": "item/carrot_on_a_stick225" },
		{ "predicate": { "damaged": 0, "damage": 0.900398406374502 }, "model": "item/carrot_on_a_stick226" },
		{ "predicate": { "damaged": 0, "damage": 0.904382470119522 }, "model": "item/carrot_on_a_stick227" },
		{ "predicate": { "damaged": 0, "damage": 0.908366533864542 }, "model": "item/carrot_on_a_stick228" },
		{ "predicate": { "damaged": 0, "damage": 0.912350597609562 }, "model": "item/carrot_on_a_stick229" },
		{ "predicate": { "damaged": 0, "damage": 0.916334661354582 }, "model": "item/carrot_on_a_stick230" },
		{ "predicate": { "damaged": 0, "damage": 0.920318725099602 }, "model": "item/carrot_on_a_stick231" },
		{ "predicate": { "damaged": 0, "damage": 0.924302788844622 }, "model": "item/carrot_on_a_stick232" },
		{ "predicate": { "damaged": 0, "damage": 0.928286852589641 }, "model": "item/carrot_on_a_stick233" },
		{ "predicate": { "damaged": 0, "damage": 0.932270916334661 }, "model": "item/carrot_on_a_stick234" },
		{ "predicate": { "damaged": 0, "damage": 0.936254980079681 }, "model": "item/carrot_on_a_stick235" },
		{ "predicate": { "damaged": 0, "damage": 0.940239043824701 }, "model": "item/carrot_on_a_stick236" },
		{ "predicate": { "damaged": 0, "damage": 0.944223107569721 }, "model": "item/carrot_on_a_stick237" },
		{ "predicate": { "damaged": 0, "damage": 0.948207171314741 }, "model": "item/carrot_on_a_stick238" },
		{ "predicate": { "damaged": 0, "damage": 0.952191235059761 }, "model": "item/carrot_on_a_stick239" },
		{ "predicate": { "damaged": 0, "damage": 0.956175298804781 }, "model": "item/carrot_on_a_stick240" },
		{ "predicate": { "damaged": 0, "damage": 0.960159362549801 }, "model": "item/carrot_on_a_stick241" },
		{ "predicate": { "damaged": 0, "damage": 0.964143426294821 }, "model": "item/carrot_on_a_stick242" },
		{ "predicate": { "damaged": 0, "damage": 0.968127490039841 }, "model": "item/carrot_on_a_stick243" },
		{ "predicate": { "damaged": 0, "damage": 0.972111553784861 }, "model": "item/carrot_on_a_stick244" },
		{ "predicate": { "damaged": 0, "damage": 0.976095617529881 }, "model": "item/carrot_on_a_stick245" },
		{ "predicate": { "damaged": 0, "damage": 0.9800796812749 }, "model": "item/carrot_on_a_stick246" },
		{ "predicate": { "damaged": 0, "damage": 0.98406374501992 }, "model": "item/carrot_on_a_stick247" },
		{ "predicate": { "damaged": 0, "damage": 0.98804780876494 }, "model": "item/carrot_on_a_stick248" },
		{ "predicate": { "damaged": 0, "damage": 0.99203187250996 }, "model": "item/carrot_on_a_stick249" },
		{ "predicate": { "damaged": 0, "damage": 0.99601593625498 }, "model": "item/carrot_on_a_stick250" },
		{ "predicate": { "damaged": 1 }, "model": "item/carrot_on_a_stick" }
	]
}
