{
	"parent": "item/handheld",
	"textures": {
		"layer0": "items/iron_hoe"
	},
	"overrides": [
		{ "predicate": { "damage": 0 }, "model": "playeritems/holocasteroff" },
		{ "predicate": { "damaged": 0, "damage": 0.00398406374502 }, "model": "playeritems/holocasteron" },
		{ "predicate": { "damaged": 0, "damage": 0.00796812749004 }, "model": "signs/kalossign1" },
		{ "predicate": { "damaged": 0, "damage": 0.01195219123506 }, "model": "environment/cone" },
		{ "predicate": { "damaged": 0, "damage": 0.01593625498008 }, "model": "signs/kalossign2" },
		{ "predicate": { "damaged": 0, "damage": 0.0199203187251 }, "model": "signs/kalosroutesign" },
		{ "predicate": { "damaged": 0, "damage": 0.02390438247012 }, "model": "signs/kalosroutesign1" },
		{ "predicate": { "damaged": 0, "damage": 0.027888446215139 }, "model": "signs/kalosroutesign2" },
		{ "predicate": { "damaged": 0, "damage": 0.031872509960159 }, "model": "signs/kalosroutesign3" },
		{ "predicate": { "damaged": 0, "damage": 0.035856573705179 }, "model": "signs/kalosroutesign4" },
		{ "predicate": { "damaged": 0, "damage": 0.039840637450199 }, "model": "signs/kalosroutesign5" },
		{ "predicate": { "damaged": 0, "damage": 0.043824701195219 }, "model": "signs/kalosroutesign6" },
		{ "predicate": { "damaged": 0, "damage": 0.047808764940239 }, "model": "signs/kalosroutesign7" },
		{ "predicate": { "damaged": 0, "damage": 0.051792828685259 }, "model": "signs/kalosroutesign8" },
		{ "predicate": { "damaged": 0, "damage": 0.055776892430279 }, "model": "signs/kalosroutesign9" },
		{ "predicate": { "damaged": 0, "damage": 0.059760956175299 }, "model": "signs/kalosroutesign10" },
		{ "predicate": { "damaged": 0, "damage": 0.063745019920319 }, "model": "signs/kalosroutesign11" },
		{ "predicate": { "damaged": 0, "damage": 0.067729083665339 }, "model": "signs/kalosroutesign12" },
		{ "predicate": { "damaged": 0, "damage": 0.071713147410359 }, "model": "signs/kalosroutesign13" },
		{ "predicate": { "damaged": 0, "damage": 0.075697211155378 }, "model": "signs/kalosroutesign14" },
		{ "predicate": { "damaged": 0, "damage": 0.079681274900398 }, "model": "signs/kalosroutesign15" },
		{ "predicate": { "damaged": 0, "damage": 0.083665338645418 }, "model": "signs/kalosroutesign16" },
		{ "predicate": { "damaged": 0, "damage": 0.087649402390438 }, "model": "signs/kalosroutesign17" },
		{ "predicate": { "damaged": 0, "damage": 0.091633466135458 }, "model": "signs/kalosroutesign18" },
		{ "predicate": { "damaged": 0, "damage": 0.095617529880478 }, "model": "signs/kalosroutesign19" },
		{ "predicate": { "damaged": 0, "damage": 0.099601593625498 }, "model": "signs/kalosroutesign20" },
		{ "predicate": { "damaged": 0, "damage": 0.103585657370518 }, "model": "signs/kalosroutesign21" },
		{ "predicate": { "damaged": 0, "damage": 0.107569721115538 }, "model": "signs/kalosroutesign22" },
		{ "predicate": { "damaged": 0, "damage": 0.111553784860558 }, "model": "environment/starterholder" },
		{ "predicate": { "damaged": 0, "damage": 0.115537848605578 }, "model": "environment/starterholder1" },
		{ "predicate": { "damaged": 0, "damage": 0.119521912350598 }, "model": "environment/buttonblue" },
		{ "predicate": { "damaged": 0, "damage": 0.123505976095618 }, "model": "environment/buttonred" },
		{ "predicate": { "damaged": 0, "damage": 0.127490039840637 }, "model": "environment/buttonblue1" },
		{ "predicate": { "damaged": 0, "damage": 0.131474103585657 }, "model": "environment/buttonred1" },
		{ "predicate": { "damaged": 0, "damage": 0.135458167330677 }, "model": "signs/gymsign" },
		{ "predicate": { "damaged": 0, "damage": 0.139442231075697 }, "model": "signs/gymsign1" },
		{ "predicate": { "damaged": 0, "damage": 0.143426294820717 }, "model": "signs/gymsign2" },
		{ "predicate": { "damaged": 0, "damage": 0.147410358565737 }, "model": "signs/gymsign3" },
		{ "predicate": { "damaged": 0, "damage": 0.151394422310757 }, "model": "signs/gymsign4" },
		{ "predicate": { "damaged": 0, "damage": 0.155378486055777 }, "model": "signs/gymsign5" },
		{ "predicate": { "damaged": 0, "damage": 0.159362549800797 }, "model": "signs/gymsign6" },
		{ "predicate": { "damaged": 0, "damage": 0.163346613545817 }, "model": "signs/gymsign7" },
		{ "predicate": { "damaged": 0, "damage": 0.167330677290837 }, "model": "signs/gymsign8" },
		{ "predicate": { "damaged": 0, "damage": 0.171314741035857 }, "model": "signs/photospot" },
		{ "predicate": { "damaged": 0, "damage": 0.175298804780877 }, "model": "signs/kalossign3" },
		{ "predicate": { "damaged": 0, "damage": 0.179282868525896 }, "model": "environment/rocksmash" },
		{ "predicate": { "damaged": 0, "damage": 0.183266932270916 }, "model": "environment/rocksmash1" },
		{ "predicate": { "damaged": 0, "damage": 0.187250996015936 }, "model": "environment/xern" },
		{ "predicate": { "damaged": 0, "damage": 0.191235059760956 }, "model": "environment/yvel" },
		{ "predicate": { "damaged": 0, "damage": 0.195219123505976 }, "model": "environment/open" },
		{ "predicate": { "damaged": 0, "damage": 0.199203187250996 }, "model": "environment/closed" },
		{ "predicate": { "damaged": 0, "damage": 0.203187250996016 }, "model": "environment/shadow" },
		{ "predicate": { "damaged": 0, "damage": 0.207171314741036 }, "model": "signs/gymsigngrey" },
		{ "predicate": { "damaged": 0, "damage": 0.211155378486056 }, "model": "environment/lookerbook" },
		{ "predicate": { "damaged": 0, "damage": 0.215139442231076 }, "model": "environment/easel" },
		{ "predicate": { "damaged": 0, "damage": 0.219123505976096 }, "model": "environment/taxi1" },
		{ "predicate": { "damaged": 0, "damage": 0.223107569721116 }, "model": "playeritems/lysandremega" },
		{ "predicate": { "damaged": 0, "damage": 0.227091633466135 }, "model": "item/iron_hoe57" },
		{ "predicate": { "damaged": 0, "damage": 0.231075697211155 }, "model": "item/iron_hoe58" },
		{ "predicate": { "damaged": 0, "damage": 0.235059760956175 }, "model": "item/iron_hoe59" },
		{ "predicate": { "damaged": 0, "damage": 0.239043824701195 }, "model": "item/iron_hoe60" },
		{ "predicate": { "damaged": 0, "damage": 0.243027888446215 }, "model": "item/iron_hoe61" },
		{ "predicate": { "damaged": 0, "damage": 0.247011952191235 }, "model": "item/iron_hoe62" },
		{ "predicate": { "damaged": 0, "damage": 0.250996015936255 }, "model": "item/iron_hoe63" },
		{ "predicate": { "damaged": 0, "damage": 0.254980079681275 }, "model": "item/iron_hoe64" },
		{ "predicate": { "damaged": 0, "damage": 0.258964143426295 }, "model": "item/iron_hoe65" },
		{ "predicate": { "damaged": 0, "damage": 0.262948207171315 }, "model": "item/iron_hoe66" },
		{ "predicate": { "damaged": 0, "damage": 0.266932270916335 }, "model": "item/iron_hoe67" },
		{ "predicate": { "damaged": 0, "damage": 0.270916334661355 }, "model": "item/iron_hoe68" },
		{ "predicate": { "damaged": 0, "damage": 0.274900398406374 }, "model": "item/iron_hoe69" },
		{ "predicate": { "damaged": 0, "damage": 0.278884462151394 }, "model": "item/iron_hoe70" },
		{ "predicate": { "damaged": 0, "damage": 0.282868525896414 }, "model": "item/iron_hoe71" },
		{ "predicate": { "damaged": 0, "damage": 0.286852589641434 }, "model": "item/iron_hoe72" },
		{ "predicate": { "damaged": 0, "damage": 0.290836653386454 }, "model": "item/iron_hoe73" },
		{ "predicate": { "damaged": 0, "damage": 0.294820717131474 }, "model": "item/iron_hoe74" },
		{ "predicate": { "damaged": 0, "damage": 0.298804780876494 }, "model": "item/iron_hoe75" },
		{ "predicate": { "damaged": 0, "damage": 0.302788844621514 }, "model": "item/iron_hoe76" },
		{ "predicate": { "damaged": 0, "damage": 0.306772908366534 }, "model": "item/iron_hoe77" },
		{ "predicate": { "damaged": 0, "damage": 0.310756972111554 }, "model": "item/iron_hoe78" },
		{ "predicate": { "damaged": 0, "damage": 0.314741035856574 }, "model": "item/iron_hoe79" },
		{ "predicate": { "damaged": 0, "damage": 0.318725099601594 }, "model": "item/iron_hoe80" },
		{ "predicate": { "damaged": 0, "damage": 0.322709163346614 }, "model": "item/iron_hoe81" },
		{ "predicate": { "damaged": 0, "damage": 0.326693227091633 }, "model": "item/iron_hoe82" },
		{ "predicate": { "damaged": 0, "damage": 0.330677290836653 }, "model": "item/iron_hoe83" },
		{ "predicate": { "damaged": 0, "damage": 0.334661354581673 }, "model": "item/iron_hoe84" },
		{ "predicate": { "damaged": 0, "damage": 0.338645418326693 }, "model": "item/iron_hoe85" },
		{ "predicate": { "damaged": 0, "damage": 0.342629482071713 }, "model": "item/iron_hoe86" },
		{ "predicate": { "damaged": 0, "damage": 0.346613545816733 }, "model": "item/iron_hoe87" },
		{ "predicate": { "damaged": 0, "damage": 0.350597609561753 }, "model": "item/iron_hoe88" },
		{ "predicate": { "damaged": 0, "damage": 0.354581673306773 }, "model": "item/iron_hoe89" },
		{ "predicate": { "damaged": 0, "damage": 0.358565737051793 }, "model": "item/iron_hoe90" },
		{ "predicate": { "damaged": 0, "damage": 0.362549800796813 }, "model": "item/iron_hoe91" },
		{ "predicate": { "damaged": 0, "damage": 0.366533864541833 }, "model": "item/iron_hoe92" },
		{ "predicate": { "damaged": 0, "damage": 0.370517928286853 }, "model": "item/iron_hoe93" },
		{ "predicate": { "damaged": 0, "damage": 0.374501992031873 }, "model": "item/iron_hoe94" },
		{ "predicate": { "damaged": 0, "damage": 0.378486055776892 }, "model": "item/iron_hoe95" },
		{ "predicate": { "damaged": 0, "damage": 0.382470119521912 }, "model": "item/iron_hoe96" },
		{ "predicate": { "damaged": 0, "damage": 0.386454183266932 }, "model": "item/iron_hoe97" },
		{ "predicate": { "damaged": 0, "damage": 0.390438247011952 }, "model": "item/iron_hoe98" },
		{ "predicate": { "damaged": 0, "damage": 0.394422310756972 }, "model": "item/iron_hoe99" },
		{ "predicate": { "damaged": 0, "damage": 0.398406374501992 }, "model": "item/iron_hoe100" },
		{ "predicate": { "damaged": 0, "damage": 0.402390438247012 }, "model": "item/iron_hoe101" },
		{ "predicate": { "damaged": 0, "damage": 0.406374501992032 }, "model": "item/iron_hoe102" },
		{ "predicate": { "damaged": 0, "damage": 0.410358565737052 }, "model": "item/iron_hoe103" },
		{ "predicate": { "damaged": 0, "damage": 0.414342629482072 }, "model": "item/iron_hoe104" },
		{ "predicate": { "damaged": 0, "damage": 0.418326693227092 }, "model": "item/iron_hoe105" },
		{ "predicate": { "damaged": 0, "damage": 0.422310756972112 }, "model": "item/iron_hoe106" },
		{ "predicate": { "damaged": 0, "damage": 0.426294820717132 }, "model": "item/iron_hoe107" },
		{ "predicate": { "damaged": 0, "damage": 0.430278884462151 }, "model": "item/iron_hoe108" },
		{ "predicate": { "damaged": 0, "damage": 0.434262948207171 }, "model": "item/iron_hoe109" },
		{ "predicate": { "damaged": 0, "damage": 0.438247011952191 }, "model": "item/iron_hoe110" },
		{ "predicate": { "damaged": 0, "damage": 0.442231075697211 }, "model": "item/iron_hoe111" },
		{ "predicate": { "damaged": 0, "damage": 0.446215139442231 }, "model": "item/iron_hoe112" },
		{ "predicate": { "damaged": 0, "damage": 0.450199203187251 }, "model": "item/iron_hoe113" },
		{ "predicate": { "damaged": 0, "damage": 0.454183266932271 }, "model": "item/iron_hoe114" },
		{ "predicate": { "damaged": 0, "damage": 0.458167330677291 }, "model": "item/iron_hoe115" },
		{ "predicate": { "damaged": 0, "damage": 0.462151394422311 }, "model": "item/iron_hoe116" },
		{ "predicate": { "damaged": 0, "damage": 0.466135458167331 }, "model": "item/iron_hoe117" },
		{ "predicate": { "damaged": 0, "damage": 0.470119521912351 }, "model": "item/iron_hoe118" },
		{ "predicate": { "damaged": 0, "damage": 0.474103585657371 }, "model": "item/iron_hoe119" },
		{ "predicate": { "damaged": 0, "damage": 0.47808764940239 }, "model": "item/iron_hoe120" },
		{ "predicate": { "damaged": 0, "damage": 0.48207171314741 }, "model": "item/iron_hoe121" },
		{ "predicate": { "damaged": 0, "damage": 0.48605577689243 }, "model": "item/iron_hoe122" },
		{ "predicate": { "damaged": 0, "damage": 0.49003984063745 }, "model": "item/iron_hoe123" },
		{ "predicate": { "damaged": 0, "damage": 0.49402390438247 }, "model": "item/iron_hoe124" },
		{ "predicate": { "damaged": 0, "damage": 0.49800796812749 }, "model": "item/iron_hoe125" },
		{ "predicate": { "damaged": 0, "damage": 0.50199203187251 }, "model": "item/iron_hoe126" },
		{ "predicate": { "damaged": 0, "damage": 0.50597609561753 }, "model": "item/iron_hoe127" },
		{ "predicate": { "damaged": 0, "damage": 0.50996015936255 }, "model": "item/iron_hoe128" },
		{ "predicate": { "damaged": 0, "damage": 0.51394422310757 }, "model": "item/iron_hoe129" },
		{ "predicate": { "damaged": 0, "damage": 0.51792828685259 }, "model": "item/iron_hoe130" },
		{ "predicate": { "damaged": 0, "damage": 0.52191235059761 }, "model": "item/iron_hoe131" },
		{ "predicate": { "damaged": 0, "damage": 0.525896414342629 }, "model": "item/iron_hoe132" },
		{ "predicate": { "damaged": 0, "damage": 0.529880478087649 }, "model": "item/iron_hoe133" },
		{ "predicate": { "damaged": 0, "damage": 0.533864541832669 }, "model": "item/iron_hoe134" },
		{ "predicate": { "damaged": 0, "damage": 0.537848605577689 }, "model": "item/iron_hoe135" },
		{ "predicate": { "damaged": 0, "damage": 0.541832669322709 }, "model": "item/iron_hoe136" },
		{ "predicate": { "damaged": 0, "damage": 0.545816733067729 }, "model": "item/iron_hoe137" },
		{ "predicate": { "damaged": 0, "damage": 0.549800796812749 }, "model": "item/iron_hoe138" },
		{ "predicate": { "damaged": 0, "damage": 0.553784860557769 }, "model": "item/iron_hoe139" },
		{ "predicate": { "damaged": 0, "damage": 0.557768924302789 }, "model": "item/iron_hoe140" },
		{ "predicate": { "damaged": 0, "damage": 0.561752988047809 }, "model": "item/iron_hoe141" },
		{ "predicate": { "damaged": 0, "damage": 0.565737051792829 }, "model": "item/iron_hoe142" },
		{ "predicate": { "damaged": 0, "damage": 0.569721115537849 }, "model": "item/iron_hoe143" },
		{ "predicate": { "damaged": 0, "damage": 0.573705179282869 }, "model": "item/iron_hoe144" },
		{ "predicate": { "damaged": 0, "damage": 0.577689243027889 }, "model": "item/iron_hoe145" },
		{ "predicate": { "damaged": 0, "damage": 0.581673306772908 }, "model": "item/iron_hoe146" },
		{ "predicate": { "damaged": 0, "damage": 0.585657370517928 }, "model": "item/iron_hoe147" },
		{ "predicate": { "damaged": 0, "damage": 0.589641434262948 }, "model": "item/iron_hoe148" },
		{ "predicate": { "damaged": 0, "damage": 0.593625498007968 }, "model": "item/iron_hoe149" },
		{ "predicate": { "damaged": 0, "damage": 0.597609561752988 }, "model": "item/iron_hoe150" },
		{ "predicate": { "damaged": 0, "damage": 0.601593625498008 }, "model": "item/iron_hoe151" },
		{ "predicate": { "damaged": 0, "damage": 0.605577689243028 }, "model": "item/iron_hoe152" },
		{ "predicate": { "damaged": 0, "damage": 0.609561752988048 }, "model": "item/iron_hoe153" },
		{ "predicate": { "damaged": 0, "damage": 0.613545816733068 }, "model": "item/iron_hoe154" },
		{ "predicate": { "damaged": 0, "damage": 0.617529880478088 }, "model": "item/iron_hoe155" },
		{ "predicate": { "damaged": 0, "damage": 0.621513944223108 }, "model": "item/iron_hoe156" },
		{ "predicate": { "damaged": 0, "damage": 0.625498007968128 }, "model": "item/iron_hoe157" },
		{ "predicate": { "damaged": 0, "damage": 0.629482071713147 }, "model": "item/iron_hoe158" },
		{ "predicate": { "damaged": 0, "damage": 0.633466135458167 }, "model": "item/iron_hoe159" },
		{ "predicate": { "damaged": 0, "damage": 0.637450199203187 }, "model": "item/iron_hoe160" },
		{ "predicate": { "damaged": 0, "damage": 0.641434262948207 }, "model": "item/iron_hoe161" },
		{ "predicate": { "damaged": 0, "damage": 0.645418326693227 }, "model": "item/iron_hoe162" },
		{ "predicate": { "damaged": 0, "damage": 0.649402390438247 }, "model": "item/iron_hoe163" },
		{ "predicate": { "damaged": 0, "damage": 0.653386454183267 }, "model": "item/iron_hoe164" },
		{ "predicate": { "damaged": 0, "damage": 0.657370517928287 }, "model": "item/iron_hoe165" },
		{ "predicate": { "damaged": 0, "damage": 0.661354581673307 }, "model": "item/iron_hoe166" },
		{ "predicate": { "damaged": 0, "damage": 0.665338645418327 }, "model": "item/iron_hoe167" },
		{ "predicate": { "damaged": 0, "damage": 0.669322709163347 }, "model": "item/iron_hoe168" },
		{ "predicate": { "damaged": 0, "damage": 0.673306772908367 }, "model": "item/iron_hoe169" },
		{ "predicate": { "damaged": 0, "damage": 0.677290836653386 }, "model": "item/iron_hoe170" },
		{ "predicate": { "damaged": 0, "damage": 0.681274900398406 }, "model": "item/iron_hoe171" },
		{ "predicate": { "damaged": 0, "damage": 0.685258964143426 }, "model": "item/iron_hoe172" },
		{ "predicate": { "damaged": 0, "damage": 0.689243027888446 }, "model": "item/iron_hoe173" },
		{ "predicate": { "damaged": 0, "damage": 0.693227091633466 }, "model": "item/iron_hoe174" },
		{ "predicate": { "damaged": 0, "damage": 0.697211155378486 }, "model": "item/iron_hoe175" },
		{ "predicate": { "damaged": 0, "damage": 0.701195219123506 }, "model": "item/iron_hoe176" },
		{ "predicate": { "damaged": 0, "damage": 0.705179282868526 }, "model": "item/iron_hoe177" },
		{ "predicate": { "damaged": 0, "damage": 0.709163346613546 }, "model": "item/iron_hoe178" },
		{ "predicate": { "damaged": 0, "damage": 0.713147410358566 }, "model": "item/iron_hoe179" },
		{ "predicate": { "damaged": 0, "damage": 0.717131474103586 }, "model": "item/iron_hoe180" },
		{ "predicate": { "damaged": 0, "damage": 0.721115537848606 }, "model": "item/iron_hoe181" },
		{ "predicate": { "damaged": 0, "damage": 0.725099601593626 }, "model": "item/iron_hoe182" },
		{ "predicate": { "damaged": 0, "damage": 0.729083665338645 }, "model": "item/iron_hoe183" },
		{ "predicate": { "damaged": 0, "damage": 0.733067729083665 }, "model": "item/iron_hoe184" },
		{ "predicate": { "damaged": 0, "damage": 0.737051792828685 }, "model": "item/iron_hoe185" },
		{ "predicate": { "damaged": 0, "damage": 0.741035856573705 }, "model": "item/iron_hoe186" },
		{ "predicate": { "damaged": 0, "damage": 0.745019920318725 }, "model": "item/iron_hoe187" },
		{ "predicate": { "damaged": 0, "damage": 0.749003984063745 }, "model": "item/iron_hoe188" },
		{ "predicate": { "damaged": 0, "damage": 0.752988047808765 }, "model": "item/iron_hoe189" },
		{ "predicate": { "damaged": 0, "damage": 0.756972111553785 }, "model": "item/iron_hoe190" },
		{ "predicate": { "damaged": 0, "damage": 0.760956175298805 }, "model": "item/iron_hoe191" },
		{ "predicate": { "damaged": 0, "damage": 0.764940239043825 }, "model": "item/iron_hoe192" },
		{ "predicate": { "damaged": 0, "damage": 0.768924302788845 }, "model": "item/iron_hoe193" },
		{ "predicate": { "damaged": 0, "damage": 0.772908366533865 }, "model": "item/iron_hoe194" },
		{ "predicate": { "damaged": 0, "damage": 0.776892430278885 }, "model": "item/iron_hoe195" },
		{ "predicate": { "damaged": 0, "damage": 0.780876494023904 }, "model": "item/iron_hoe196" },
		{ "predicate": { "damaged": 0, "damage": 0.784860557768924 }, "model": "item/iron_hoe197" },
		{ "predicate": { "damaged": 0, "damage": 0.788844621513944 }, "model": "item/iron_hoe198" },
		{ "predicate": { "damaged": 0, "damage": 0.792828685258964 }, "model": "item/iron_hoe199" },
		{ "predicate": { "damaged": 0, "damage": 0.796812749003984 }, "model": "item/iron_hoe200" },
		{ "predicate": { "damaged": 0, "damage": 0.800796812749004 }, "model": "item/iron_hoe201" },
		{ "predicate": { "damaged": 0, "damage": 0.804780876494024 }, "model": "item/iron_hoe202" },
		{ "predicate": { "damaged": 0, "damage": 0.808764940239044 }, "model": "item/iron_hoe203" },
		{ "predicate": { "damaged": 0, "damage": 0.812749003984064 }, "model": "item/iron_hoe204" },
		{ "predicate": { "damaged": 0, "damage": 0.816733067729084 }, "model": "item/iron_hoe205" },
		{ "predicate": { "damaged": 0, "damage": 0.820717131474104 }, "model": "item/iron_hoe206" },
		{ "predicate": { "damaged": 0, "damage": 0.824701195219124 }, "model": "item/iron_hoe207" },
		{ "predicate": { "damaged": 0, "damage": 0.828685258964143 }, "model": "item/iron_hoe208" },
		{ "predicate": { "damaged": 0, "damage": 0.832669322709163 }, "model": "item/iron_hoe209" },
		{ "predicate": { "damaged": 0, "damage": 0.836653386454183 }, "model": "item/iron_hoe210" },
		{ "predicate": { "damaged": 0, "damage": 0.840637450199203 }, "model": "item/iron_hoe211" },
		{ "predicate": { "damaged": 0, "damage": 0.844621513944223 }, "model": "item/iron_hoe212" },
		{ "predicate": { "damaged": 0, "damage": 0.848605577689243 }, "model": "item/iron_hoe213" },
		{ "predicate": { "damaged": 0, "damage": 0.852589641434263 }, "model": "item/iron_hoe214" },
		{ "predicate": { "damaged": 0, "damage": 0.856573705179283 }, "model": "item/iron_hoe215" },
		{ "predicate": { "damaged": 0, "damage": 0.860557768924303 }, "model": "item/iron_hoe216" },
		{ "predicate": { "damaged": 0, "damage": 0.864541832669323 }, "model": "item/iron_hoe217" },
		{ "predicate": { "damaged": 0, "damage": 0.868525896414343 }, "model": "item/iron_hoe218" },
		{ "predicate": { "damaged": 0, "damage": 0.872509960159363 }, "model": "item/iron_hoe219" },
		{ "predicate": { "damaged": 0, "damage": 0.876494023904383 }, "model": "item/iron_hoe220" },
		{ "predicate": { "damaged": 0, "damage": 0.880478087649402 }, "model": "item/iron_hoe221" },
		{ "predicate": { "damaged": 0, "damage": 0.884462151394422 }, "model": "item/iron_hoe222" },
		{ "predicate": { "damaged": 0, "damage": 0.888446215139442 }, "model": "item/iron_hoe223" },
		{ "predicate": { "damaged": 0, "damage": 0.892430278884462 }, "model": "item/iron_hoe224" },
		{ "predicate": { "damaged": 0, "damage": 0.896414342629482 }, "model": "item/iron_hoe225" },
		{ "predicate": { "damaged": 0, "damage": 0.900398406374502 }, "model": "item/iron_hoe226" },
		{ "predicate": { "damaged": 0, "damage": 0.904382470119522 }, "model": "item/iron_hoe227" },
		{ "predicate": { "damaged": 0, "damage": 0.908366533864542 }, "model": "item/iron_hoe228" },
		{ "predicate": { "damaged": 0, "damage": 0.912350597609562 }, "model": "item/iron_hoe229" },
		{ "predicate": { "damaged": 0, "damage": 0.916334661354582 }, "model": "item/iron_hoe230" },
		{ "predicate": { "damaged": 0, "damage": 0.920318725099602 }, "model": "item/iron_hoe231" },
		{ "predicate": { "damaged": 0, "damage": 0.924302788844622 }, "model": "item/iron_hoe232" },
		{ "predicate": { "damaged": 0, "damage": 0.928286852589641 }, "model": "item/iron_hoe233" },
		{ "predicate": { "damaged": 0, "damage": 0.932270916334661 }, "model": "item/iron_hoe234" },
		{ "predicate": { "damaged": 0, "damage": 0.936254980079681 }, "model": "item/iron_hoe235" },
		{ "predicate": { "damaged": 0, "damage": 0.940239043824701 }, "model": "item/iron_hoe236" },
		{ "predicate": { "damaged": 0, "damage": 0.944223107569721 }, "model": "item/iron_hoe237" },
		{ "predicate": { "damaged": 0, "damage": 0.948207171314741 }, "model": "item/iron_hoe238" },
		{ "predicate": { "damaged": 0, "damage": 0.952191235059761 }, "model": "item/iron_hoe239" },
		{ "predicate": { "damaged": 0, "damage": 0.956175298804781 }, "model": "item/iron_hoe240" },
		{ "predicate": { "damaged": 0, "damage": 0.960159362549801 }, "model": "item/iron_hoe241" },
		{ "predicate": { "damaged": 0, "damage": 0.964143426294821 }, "model": "item/iron_hoe242" },
		{ "predicate": { "damaged": 0, "damage": 0.968127490039841 }, "model": "item/iron_hoe243" },
		{ "predicate": { "damaged": 0, "damage": 0.972111553784861 }, "model": "item/iron_hoe244" },
		{ "predicate": { "damaged": 0, "damage": 0.976095617529881 }, "model": "item/iron_hoe245" },
		{ "predicate": { "damaged": 0, "damage": 0.9800796812749 }, "model": "item/iron_hoe246" },
		{ "predicate": { "damaged": 0, "damage": 0.98406374501992 }, "model": "item/iron_hoe247" },
		{ "predicate": { "damaged": 0, "damage": 0.98804780876494 }, "model": "item/iron_hoe248" },
		{ "predicate": { "damaged": 0, "damage": 0.99203187250996 }, "model": "item/iron_hoe249" },
		{ "predicate": { "damaged": 0, "damage": 0.99601593625498 }, "model": "item/iron_hoe250" },
		{ "predicate": { "damaged": 1 }, "model": "item/iron_hoe" }
	]
}
