{
	"credit": "Made with Blockbench by Ozzy",
	"textures": {
		"0": "environment/b1",
		"1": "environment/b2",
		"2": "environment/b3",
		"3": "environment/b5"
	},
	"elements": [
		{
			"name": "Button Base",
			"from": [-5.2, 0, 4.7],
			"to": [21.2, 23.1, 31.1],
			"rotation": {"angle": 0, "axis": "y", "origin": [8, 13.2, 8]},
			"faces": {
				"north": {"uv": [0, 0, 16, 14], "texture": "#0"},
				"east": {"uv": [0, 0, 16, 14], "texture": "#0"},
				"south": {"uv": [0, 0, 16, 14], "texture": "#0"},
				"west": {"uv": [0, 0, 16, 14], "texture": "#0"},
				"up": {"uv": [0, 0, 16, 16], "texture": "#0"},
				"down": {"uv": [0, 0, 16, 16], "texture": "#0"}
			}
		},
		{
			"from": [1.4, 1.65, 3.875],
			"to": [14.6, 6.6, 5.525],
			"rotation": {"angle": 0, "axis": "y", "origin": [8, 13.2, 8]},
			"faces": {
				"north": {"uv": [0, 0, 0.5, 0.1875], "texture": "#2"},
				"east": {"uv": [0, 0, 0.0625, 0.1875], "texture": "#2"},
				"south": {"uv": [0, 0, 0.5, 0.1875], "texture": "#2"},
				"west": {"uv": [0, 0, 0.0625, 0.1875], "texture": "#2"},
				"up": {"uv": [0, 0, 0.5, 0.0625], "texture": "#2"},
				"down": {"uv": [0, 0, 0.5, 0.0625], "texture": "#2"}
			}
		},
		{
			"from": [1.4, 16.5, 3.875],
			"to": [14.6, 21.45, 5.525],
			"rotation": {"angle": 0, "axis": "y", "origin": [8, 13.2, 8]},
			"faces": {
				"north": {"uv": [0, 0, 8, 3], "texture": "#2"},
				"east": {"uv": [0, 0, 1, 3], "texture": "#2"},
				"south": {"uv": [0, 0, 8, 3], "texture": "#2"},
				"west": {"uv": [0, 0, 1, 3], "texture": "#2"},
				"up": {"uv": [0, 0, 8, 1], "texture": "#2"},
				"down": {"uv": [0, 0, 8, 1], "texture": "#2"}
			}
		},
		{
			"from": [14.6, 1.65, 3.875],
			"to": [19.55, 21.45, 5.525],
			"rotation": {"angle": 0, "axis": "y", "origin": [8, 13.2, 8]},
			"faces": {
				"north": {"uv": [0, 0, 3, 12], "texture": "#2"},
				"east": {"uv": [0, 0, 1, 12], "texture": "#2"},
				"south": {"uv": [0, 0, 3, 12], "texture": "#2"},
				"west": {"uv": [0, 0, 1, 12], "texture": "#2"},
				"up": {"uv": [0, 0, 3, 1], "texture": "#2"},
				"down": {"uv": [0, 0, 3, 1], "texture": "#2"}
			}
		},
		{
			"from": [-3.55, 1.65, 3.875],
			"to": [1.4, 21.45, 5.525],
			"rotation": {"angle": 0, "axis": "y", "origin": [8, 13.2, 8]},
			"faces": {
				"north": {"uv": [0, 0, 3, 12], "texture": "#2"},
				"east": {"uv": [0, 0, 1, 12], "texture": "#2"},
				"south": {"uv": [0, 0, 3, 12], "texture": "#2"},
				"west": {"uv": [0, 0, 1, 12], "texture": "#2"},
				"up": {"uv": [0, 0, 3, 1], "texture": "#2"},
				"down": {"uv": [0, 0, 3, 1], "texture": "#2"}
			}
		},
		{
			"from": [16.25, 18.15, 3.05],
			"to": [17.9, 19.8, 4.7],
			"rotation": {"angle": 0, "axis": "y", "origin": [8, 13.2, 8]},
			"faces": {
				"north": {"uv": [0, 0, 1, 1], "texture": "#1"},
				"east": {"uv": [0, 0, 1, 1], "texture": "#1"},
				"south": {"uv": [0, 0, 1, 1], "texture": "#1"},
				"west": {"uv": [0, 0, 1, 1], "texture": "#1"},
				"up": {"uv": [0, 0, 1, 1], "texture": "#1"},
				"down": {"uv": [0, 0, 1, 1], "texture": "#1"}
			}
		},
		{
			"from": [16.25, 3.3, 3.05],
			"to": [17.9, 4.95, 4.7],
			"rotation": {"angle": 0, "axis": "y", "origin": [8, 13.2, 8]},
			"faces": {
				"north": {"uv": [0, 0, 0.0625, 0.0625], "texture": "#1"},
				"east": {"uv": [0, 0, 0.0625, 0.0625], "texture": "#1"},
				"south": {"uv": [0, 0, 0.0625, 0.0625], "texture": "#1"},
				"west": {"uv": [0, 0, 0.0625, 0.0625], "texture": "#1"},
				"up": {"uv": [0, 0, 0.0625, 0.0625], "texture": "#1"},
				"down": {"uv": [0, 0, 0.0625, 0.0625], "texture": "#1"}
			}
		},
		{
			"from": [-1.9, 18.15, 3.05],
			"to": [-0.25, 19.8, 4.7],
			"rotation": {"angle": 0, "axis": "y", "origin": [8, 13.2, 8]},
			"faces": {
				"north": {"uv": [0, 0, 1, 1], "texture": "#1"},
				"east": {"uv": [0, 0, 1, 1], "texture": "#1"},
				"south": {"uv": [0, 0, 1, 1], "texture": "#1"},
				"west": {"uv": [0, 0, 1, 1], "texture": "#1"},
				"up": {"uv": [0, 0, 1, 1], "texture": "#1"},
				"down": {"uv": [0, 0, 1, 1], "texture": "#1"}
			}
		},
		{
			"from": [-1.9, 3.3, 3.05],
			"to": [-0.25, 4.95, 4.7],
			"rotation": {"angle": 0, "axis": "y", "origin": [8, 13.2, 8]},
			"faces": {
				"north": {"uv": [0, 0, 0.0625, 0.0625], "texture": "#1"},
				"east": {"uv": [0, 0, 0.0625, 0.0625], "texture": "#1"},
				"south": {"uv": [0, 0, 0.0625, 0.0625], "texture": "#1"},
				"west": {"uv": [0, 0, 0.0625, 0.0625], "texture": "#1"},
				"up": {"uv": [0, 0, 0.0625, 0.0625], "texture": "#1"},
				"down": {"uv": [0, 0, 0.0625, 0.0625], "texture": "#1"}
			}
		},
		{
			"name": "Button",
			"from": [4.7, 8.25, 2.225],
			"to": [11.3, 14.85, 4.7],
			"rotation": {"angle": 0, "axis": "y", "origin": [8, 13.2, 8]},
			"faces": {
				"north": {"uv": [0, 0, 4, 4], "texture": "#3"},
				"east": {"uv": [0, 0, 1.5, 4], "texture": "#3"},
				"south": {"uv": [0, 0, 4, 4], "texture": "#3"},
				"west": {"uv": [0, 0, 1.5, 4], "texture": "#3"},
				"up": {"uv": [0, 0, 4, 1.5], "texture": "#3"},
				"down": {"uv": [0, 0, 4, 1.5], "texture": "#3"}
			}
		}
	],
	"display": {
		"thirdperson_righthand": {
			"translation": [0.5, 0, -4.5],
			"scale": [0.3, 0.3, 0.3]
		},
		"thirdperson_lefthand": {
			"translation": [0.5, 0, -4.5],
			"scale": [0.3, 0.3, 0.3]
		},
		"firstperson_righthand": {
			"rotation": [0, 143, 0]
		},
		"firstperson_lefthand": {
			"rotation": [0, 143, 0]
		},
		"ground": {
			"translation": [0, 0, -2.5],
			"scale": [0.3, 0.3, 0.3]
		},
		"gui": {
			"rotation": [24, 153, 0],
			"translation": [-1.25, -2.25, 0],
			"scale": [0.3, 0.3, 0.3]
		},
		"head": {
			"translation": [0, -19.25, -5.75],
			"scale": [4, 4, 4]
		},
		"fixed": {
			"translation": [0, -2.25, 0],
			"scale": [0.5, 0.5, 0.5]
		}
	},
	"groups": [0,
		{
			"name": "Button Outline",
			"origin": [8, 8, 8],
			"children": [1, 2, 3, 4]
		},
		{
			"name": "Bolts",
			"origin": [8, 8, 8],
			"children": [5, 6, 7, 8]
		}, 9]
}