{
	"credit": "Made with Blockbench",
	"textures": {
		"0": "environment/pages",
		"1": "environment/spine",
		"particle": "environment/pages"
	},
	"elements": [
		{
			"name": "pages",
			"from": [1.5, 1, 2.5],
			"to": [14.5, 1.5, 13.5],
			"rotation": {"angle": 0, "axis": "y", "origin": [16, 9, 15]},
			"faces": {
				"north": {"uv": [0, 0, 13, 0.5], "texture": "#0"},
				"east": {"uv": [0, 0, 11, 0.5], "texture": "#0"},
				"south": {"uv": [0, 0, 13, 0.5], "texture": "#0"},
				"west": {"uv": [0, 0, 11, 0.5], "texture": "#0"},
				"up": {"uv": [0, 0, 13, 11], "texture": "#0"},
				"down": {"uv": [0, 0, 13, 11], "texture": "#missing"}
			}
		},
		{
			"name": "left",
			"from": [8.5, 1.1, 2.5],
			"to": [14.5, 1.6, 13.5],
			"rotation": {"angle": 0, "axis": "y", "origin": [16, 9, 15]},
			"faces": {
				"north": {"uv": [0, 0, 13, 0.5], "texture": "#0"},
				"east": {"uv": [0, 0, 11, 0.5], "texture": "#0"},
				"south": {"uv": [0, 0, 13, 0.5], "texture": "#0"},
				"west": {"uv": [0, 0, 11, 0.5], "texture": "#0"},
				"up": {"uv": [0, 0, 7, 11], "texture": "#0"},
				"down": {"uv": [0, 0, 13, 11], "texture": "#missing"}
			}
		},
		{
			"name": "right",
			"from": [1.5, 1.1, 2.5],
			"to": [7.5, 1.6, 13.5],
			"rotation": {"angle": 0, "axis": "y", "origin": [16, 9, 15]},
			"faces": {
				"north": {"uv": [0, 0, 13, 0.5], "texture": "#0"},
				"east": {"uv": [0, 0, 11, 0.5], "texture": "#0"},
				"south": {"uv": [0, 0, 13, 0.5], "texture": "#0"},
				"west": {"uv": [0, 0, 11, 0.5], "texture": "#0"},
				"up": {"uv": [6, 0, 13, 11], "texture": "#0"},
				"down": {"uv": [0, 0, 13, 11], "texture": "#missing"}
			}
		},
		{
			"from": [8, 1.65, 11.51],
			"to": [8.1, 1.55, 13.51],
			"rotation": {"angle": 0, "axis": "y", "origin": [16, 10, 21]},
			"faces": {
				"north": {"uv": [0, 15, 1.1, 16], "texture": "#0"},
				"east": {"uv": [0, 15, 1, 16], "texture": "#0"},
				"south": {"uv": [0, 15, 1.1, 16], "texture": "#0"},
				"west": {"uv": [0, 15, 1, 16], "texture": "#0"},
				"up": {"uv": [0, 15, 1.1, 16], "texture": "#0"},
				"down": {"uv": [0, 15, 1.1, 16], "texture": "#0"}
			}
		},
		{
			"from": [8, 0.65, 13.61],
			"to": [8.1, 1.65, 13.51],
			"rotation": {"angle": 0, "axis": "x", "origin": [16, -8, 22]},
			"faces": {
				"north": {"uv": [0, 15, 1.1, 16], "rotation": 180, "texture": "#0"},
				"east": {"uv": [0, 15, 1, 16], "rotation": 270, "texture": "#0"},
				"south": {"uv": [0, 15, 1.1, 16], "texture": "#0"},
				"west": {"uv": [0, 15, 1, 16], "rotation": 90, "texture": "#0"},
				"up": {"uv": [0, 15, 1.1, 16], "rotation": 180, "texture": "#0"},
				"down": {"uv": [0, 15, 1.1, 16], "texture": "#0"}
			}
		},
		{
			"from": [1, 0, 2],
			"to": [15, 1, 14],
			"rotation": {"angle": 0, "axis": "y", "origin": [16, 8, 15]},
			"faces": {
				"north": {"uv": [0, 0, 14, 1], "texture": "#1"},
				"east": {"uv": [0, 0, 12, 1], "texture": "#1"},
				"south": {"uv": [0, 0, 14, 1], "texture": "#1"},
				"west": {"uv": [0, 0, 12, 1], "texture": "#1"},
				"up": {"uv": [0, 0, 14, 12], "texture": "#1"},
				"down": {"uv": [0, 0, 14, 12], "texture": "#1"}
			}
		},
		{
			"from": [7.25, 0, 1.75],
			"to": [8.75, 1, 2],
			"rotation": {"angle": 0, "axis": "y", "origin": [16, 8, 16]},
			"faces": {
				"north": {"uv": [0, 0, 1.5, 1], "texture": "#1"},
				"east": {"uv": [0, 0, 0.25, 1], "texture": "#1"},
				"south": {"uv": [0, 0, 1.5, 1], "texture": "#1"},
				"west": {"uv": [0, 0, 0.25, 1], "texture": "#1"},
				"up": {"uv": [0, 0, 1.5, 0.25], "texture": "#1"},
				"down": {"uv": [0, 0, 1.5, 0.25], "texture": "#1"}
			}
		},
		{
			"from": [7.25, 0, 14],
			"to": [8.75, 1, 14.25],
			"rotation": {"angle": 0, "axis": "y", "origin": [16, 8, 29]},
			"faces": {
				"north": {"uv": [0, 0, 1.5, 1], "texture": "#1"},
				"east": {"uv": [0, 0, 0.25, 1], "texture": "#1"},
				"south": {"uv": [0, 0, 1.5, 1], "texture": "#1"},
				"west": {"uv": [0, 0, 0.25, 1], "texture": "#1"},
				"up": {"uv": [0, 0, 1.5, 0.25], "texture": "#1"},
				"down": {"uv": [0, 0, 1.5, 0.25], "texture": "#1"}
			}
		}
	],
	"display": {
		"gui": {
			"rotation": [90, 0, 0]
		},
		"head": {
			"translation": [0, -35, 0]
		},
		"fixed": {
			"rotation": [-90, 0, 0],
			"translation": [0, 0, -8.5]
		}
	},
	"groups": [0, 1, 2,
		{
			"name": "bookmark",
			"origin": [8, 8, 8],
			"children": [3, 4]
		},
		{
			"name": "Binding",
			"origin": [8, 8, 8],
			"children": [5, 6, 7]
		}
	]
}
