{
	"credit": "Made with Blockbench by Ozzy",
	"textures": {
		"0": "environment/rock"
	},
	"elements": [
		{
			"name": "octagon",
			"from": [6.13604, -0.1, 3.5],
			"to": [9.86396, 0, 12.5],
			"rotation": {"angle": 45, "axis": "y", "origin": [8, 0.4, 8]},
			"faces": {
				"north": {"uv": [0, 0, 1, 1], "texture": "#0"},
				"east": {"uv": [0, 0, 1, 1], "texture": "#0"},
				"south": {"uv": [0, 0, 1, 1], "texture": "#0"},
				"west": {"uv": [0, 0, 1, 1], "texture": "#0"},
				"up": {"uv": [0, 0, 1, 1], "texture": "#0"},
				"down": {"uv": [0, 0, 1, 1], "texture": "#0"}
			}
		},
		{
			"name": "octagon",
			"from": [6.13604, -0.1, 3.5],
			"to": [9.86396, 0, 12.5],
			"rotation": {"angle": 0, "axis": "y", "origin": [8, 0.4, 8]},
			"faces": {
				"north": {"uv": [0, 0, 1, 1], "texture": "#0"},
				"east": {"uv": [0, 0, 1, 1], "texture": "#0"},
				"south": {"uv": [0, 0, 1, 1], "texture": "#0"},
				"west": {"uv": [0, 0, 1, 1], "texture": "#0"},
				"up": {"uv": [0, 0, 1, 1], "texture": "#0"},
				"down": {"uv": [0, 0, 1, 1], "texture": "#0"}
			}
		},
		{
			"name": "octagon",
			"from": [3.5, -0.1, 6.13604],
			"to": [12.5, 0, 9.86396],
			"rotation": {"angle": 45, "axis": "y", "origin": [8, 0.4, 8]},
			"faces": {
				"north": {"uv": [0, 0, 1, 1], "texture": "#0"},
				"east": {"uv": [0, 0, 1, 1], "texture": "#0"},
				"south": {"uv": [0, 0, 1, 1], "texture": "#0"},
				"west": {"uv": [0, 0, 1, 1], "texture": "#0"},
				"up": {"uv": [0, 0, 1, 1], "texture": "#0"},
				"down": {"uv": [0, 0, 1, 1], "texture": "#0"}
			}
		},
		{
			"name": "octagon",
			"from": [3.5, -0.1, 6.13604],
			"to": [12.5, 0, 9.86396],
			"rotation": {"angle": 0, "axis": "y", "origin": [8, 0.4, 8]},
			"faces": {
				"north": {"uv": [0, 0, 1, 1], "texture": "#0"},
				"east": {"uv": [0, 0, 1, 1], "texture": "#0"},
				"south": {"uv": [0, 0, 1, 1], "texture": "#0"},
				"west": {"uv": [0, 0, 1, 1], "texture": "#0"},
				"up": {"uv": [0, 0, 1, 1], "texture": "#0"},
				"down": {"uv": [0, 0, 1, 1], "texture": "#0"}
			}
		},
		{
			"name": "octagon",
			"from": [6.13604, 0, 3.5],
			"to": [9.86396, 1.2, 6.2],
			"rotation": {"angle": 45, "axis": "y", "origin": [8, 0.5, 8]},
			"faces": {
				"north": {"uv": [0, 0, 1, 1], "texture": "#0"},
				"east": {"uv": [0, 0, 1, 1], "texture": "#0"},
				"south": {"uv": [0, 0, 1, 1], "texture": "#0"},
				"west": {"uv": [0, 0, 1, 1], "texture": "#0"},
				"up": {"uv": [0, 0, 1, 1], "texture": "#0"},
				"down": {"uv": [0, 0, 1, 1], "texture": "#0"}
			}
		},
		{
			"name": "octagon",
			"from": [6.13604, 0, 3.5],
			"to": [9.86396, 1.2, 5.4],
			"rotation": {"angle": 0, "axis": "y", "origin": [8, 0.5, 8]},
			"faces": {
				"north": {"uv": [0, 0, 1, 1], "texture": "#0"},
				"east": {"uv": [0, 0, 1, 1], "texture": "#0"},
				"south": {"uv": [0, 0, 1, 1], "texture": "#0"},
				"west": {"uv": [0, 0, 1, 1], "texture": "#0"},
				"up": {"uv": [0, 0, 1, 1], "texture": "#0"},
				"down": {"uv": [0, 0, 1, 1], "texture": "#0"}
			}
		},
		{
			"name": "octagon",
			"from": [6.13604, 0, 9.9],
			"to": [9.86396, 1.2, 12.5],
			"rotation": {"angle": 45, "axis": "y", "origin": [8, 0.5, 8]},
			"faces": {
				"north": {"uv": [0, 0, 1, 1], "texture": "#0"},
				"east": {"uv": [0, 0, 1, 1], "texture": "#0"},
				"south": {"uv": [0, 0, 1, 1], "texture": "#0"},
				"west": {"uv": [0, 0, 1, 1], "texture": "#0"},
				"up": {"uv": [0, 0, 1, 1], "texture": "#0"},
				"down": {"uv": [0, 0, 1, 1], "texture": "#0"}
			}
		},
		{
			"name": "octagon",
			"from": [6.13604, 0, 10.3],
			"to": [9.86396, 1.2, 12.5],
			"rotation": {"angle": 0, "axis": "y", "origin": [8, 0.5, 8]},
			"faces": {
				"north": {"uv": [0, 0, 1, 1], "texture": "#0"},
				"east": {"uv": [0, 0, 1, 1], "texture": "#0"},
				"south": {"uv": [0, 0, 1, 1], "texture": "#0"},
				"west": {"uv": [0, 0, 1, 1], "texture": "#0"},
				"up": {"uv": [0, 0, 1, 1], "texture": "#0"},
				"down": {"uv": [0, 0, 1, 1], "texture": "#0"}
			}
		},
		{
			"name": "octagon",
			"from": [3.5, 0, 6.13604],
			"to": [12.1, 1.2, 9.86396],
			"rotation": {"angle": 45, "axis": "y", "origin": [8, 0.5, 8]},
			"faces": {
				"north": {"uv": [0, 0, 1, 1], "texture": "#0"},
				"east": {"uv": [0, 0, 1, 1], "texture": "#0"},
				"south": {"uv": [0, 0, 1, 1], "texture": "#0"},
				"west": {"uv": [0, 0, 1, 1], "texture": "#0"},
				"up": {"uv": [0, 0, 1, 1], "texture": "#0"},
				"down": {"uv": [0, 0, 1, 1], "texture": "#0"}
			}
		},
		{
			"name": "octagon",
			"from": [3.5, 0, 6.13604],
			"to": [5.5, 1.2, 9.86396],
			"rotation": {"angle": 0, "axis": "y", "origin": [8, 0.5, 8]},
			"faces": {
				"north": {"uv": [0, 0, 1, 1], "texture": "#0"},
				"east": {"uv": [0, 0, 1, 1], "texture": "#0"},
				"south": {"uv": [0, 0, 1, 1], "texture": "#0"},
				"west": {"uv": [0, 0, 1, 1], "texture": "#0"},
				"up": {"uv": [0, 0, 1, 1], "texture": "#0"},
				"down": {"uv": [0, 0, 1, 1], "texture": "#0"}
			}
		},
		{
			"name": "octagon",
			"from": [12.1, 0, 6.13604],
			"to": [12.5, 1.2, 9.86396],
			"rotation": {"angle": 45, "axis": "y", "origin": [8, 0.5, 8]},
			"faces": {
				"north": {"uv": [0, 0, 1, 1], "texture": "#0"},
				"east": {"uv": [0, 0, 1, 1], "texture": "#0"},
				"south": {"uv": [0, 0, 1, 1], "texture": "#0"},
				"west": {"uv": [0, 0, 1, 1], "texture": "#0"},
				"up": {"uv": [0, 0, 1, 1], "texture": "#0"},
				"down": {"uv": [0, 0, 1, 1], "texture": "#0"}
			}
		},
		{
			"name": "octagon",
			"from": [10.7, 0, 6.13604],
			"to": [12.5, 1.2, 9.86396],
			"rotation": {"angle": 0, "axis": "y", "origin": [8, 0.5, 8]},
			"faces": {
				"north": {"uv": [0, 0, 1, 1], "texture": "#0"},
				"east": {"uv": [0, 0, 1, 1], "texture": "#0"},
				"south": {"uv": [0, 0, 1, 1], "texture": "#0"},
				"west": {"uv": [0, 0, 1, 1], "texture": "#0"},
				"up": {"uv": [0, 0, 1, 1], "texture": "#0"},
				"down": {"uv": [0, 0, 1, 1], "texture": "#0"}
			}
		},
		{
			"from": [5.16, 0.7, 5.16],
			"to": [10.84, 1.7, 10.84],
			"rotation": {"angle": 0, "axis": "y", "origin": [8, 2.7, 8]},
			"faces": {
				"north": {"uv": [0, 0, 1, 0.25], "texture": "#0"},
				"east": {"uv": [0, 0, 1, 0.25], "texture": "#0"},
				"south": {"uv": [0, 0, 1, 0.25], "texture": "#0"},
				"west": {"uv": [0, 0, 1, 0.25], "texture": "#0"},
				"up": {"uv": [0, 0, 1, 1], "texture": "#0"},
				"down": {"uv": [0, 0, 1, 1], "texture": "#0"}
			}
		},
		{
			"from": [6.012, 1, 6.154],
			"to": [9.846, 2, 9.988],
			"rotation": {"angle": 0, "axis": "y", "origin": [8, 2.7, 8]},
			"faces": {
				"north": {"uv": [0, 0, 1, 0.25], "texture": "#0"},
				"east": {"uv": [0, 0, 1, 0.25], "texture": "#0"},
				"south": {"uv": [0, 0, 1, 0.25], "texture": "#0"},
				"west": {"uv": [0, 0, 1, 0.25], "texture": "#0"},
				"up": {"uv": [0, 0, 1, 1], "texture": "#0"},
				"down": {"uv": [0, 0, 1, 1], "texture": "#0"}
			}
		},
		{
			"from": [2, 0, 3],
			"to": [3, 0.4, 4],
			"faces": {
				"north": {"uv": [1, 2.25, 2.5, 3.599], "texture": "#0"},
				"east": {"uv": [1, 2.25, 2.5, 3.599], "texture": "#0"},
				"south": {"uv": [1, 2.25, 2.5, 3.599], "texture": "#0"},
				"west": {"uv": [1, 2.25, 2.5, 3.599], "texture": "#0"},
				"up": {"uv": [1, 2.25, 2.5, 3.599], "texture": "#0"},
				"down": {"uv": [1, 2.25, 2.5, 3.599], "texture": "#0"}
			}
		},
		{
			"from": [5, 0, 13],
			"to": [6, 0.4, 14],
			"rotation": {"angle": -22.5, "axis": "y", "origin": [8, 8, 8]},
			"faces": {
				"north": {"uv": [1, 2.25, 2.5, 3.599], "texture": "#0"},
				"east": {"uv": [1, 2.25, 2.5, 3.599], "texture": "#0"},
				"south": {"uv": [1, 2.25, 2.5, 3.599], "texture": "#0"},
				"west": {"uv": [1, 2.25, 2.5, 3.599], "texture": "#0"},
				"up": {"uv": [1, 2.25, 2.5, 3.599], "texture": "#0"},
				"down": {"uv": [1, 2.25, 2.5, 3.599], "texture": "#0"}
			}
		},
		{
			"from": [14, 0, 7],
			"to": [15, 0.4, 8],
			"rotation": {"angle": 22.5, "axis": "y", "origin": [8, 8, 8]},
			"faces": {
				"north": {"uv": [1, 2.25, 2.5, 3.599], "texture": "#0"},
				"east": {"uv": [1, 2.25, 2.5, 3.599], "texture": "#0"},
				"south": {"uv": [1, 2.25, 2.5, 3.599], "texture": "#0"},
				"west": {"uv": [1, 2.25, 2.5, 3.599], "texture": "#0"},
				"up": {"uv": [1, 2.25, 2.5, 3.599], "texture": "#0"},
				"down": {"uv": [1, 2.25, 2.5, 3.599], "texture": "#0"}
			}
		},
		{
			"from": [11, 0, 13],
			"to": [13, 0.4, 15],
			"rotation": {"angle": 22.5, "axis": "y", "origin": [8, 8, 8]},
			"faces": {
				"north": {"uv": [1, 2.25, 2.5, 3.599], "texture": "#0"},
				"east": {"uv": [1, 2.25, 2.5, 3.599], "texture": "#0"},
				"south": {"uv": [1, 2.25, 2.5, 3.599], "texture": "#0"},
				"west": {"uv": [1, 2.25, 2.5, 3.599], "texture": "#0"},
				"up": {"uv": [1, 2.25, 2.5, 3.599], "texture": "#0"},
				"down": {"uv": [1, 2.25, 2.5, 3.599], "texture": "#0"}
			}
		},
		{
			"from": [10, 0, 13],
			"to": [12, 0.4, 14],
			"rotation": {"angle": -22.5, "axis": "y", "origin": [8, 8, 8]},
			"faces": {
				"north": {"uv": [1, 2.25, 2.5, 3.599], "texture": "#0"},
				"east": {"uv": [1, 2.25, 2.5, 3.599], "texture": "#0"},
				"south": {"uv": [1, 2.25, 2.5, 3.599], "texture": "#0"},
				"west": {"uv": [1, 2.25, 2.5, 3.599], "texture": "#0"},
				"up": {"uv": [1, 2.25, 2.5, 3.599], "texture": "#0"},
				"down": {"uv": [1, 2.25, 2.5, 3.599], "texture": "#0"}
			}
		},
		{
			"from": [9, 0, 2],
			"to": [11, 0.4, 3],
			"rotation": {"angle": 22.5, "axis": "y", "origin": [8, 8, 8]},
			"faces": {
				"north": {"uv": [1, 2.25, 2.5, 3.599], "texture": "#0"},
				"east": {"uv": [1, 2.25, 2.5, 3.599], "texture": "#0"},
				"south": {"uv": [1, 2.25, 2.5, 3.599], "texture": "#0"},
				"west": {"uv": [1, 2.25, 2.5, 3.599], "texture": "#0"},
				"up": {"uv": [1, 2.25, 2.5, 3.599], "texture": "#0"},
				"down": {"uv": [1, 2.25, 2.5, 3.599], "texture": "#0"}
			}
		}
	],
	"display": {
		"thirdperson_righthand": {
			"translation": [0, 8.25, -1.5]
		},
		"thirdperson_lefthand": {
			"translation": [0, 8.25, -1.5]
		},
		"firstperson_righthand": {
			"translation": [0, 7.25, 0]
		},
		"firstperson_lefthand": {
			"translation": [0, 7.25, 0]
		},
		"ground": {
			"translation": [0, 5.25, 0]
		},
		"gui": {
			"rotation": [42, 162, 0],
			"translation": [0, 5.5, 0]
		},
		"head": {
			"translation": [0, -12.25, 0],
			"scale": [3, 4, 3]
		},
		"fixed": {
			"rotation": [-90, 0, 0],
			"translation": [0, 0.25, -8]
		}
	},
	"groups": [
		{
			"name": "UnderBase",
			"origin": [8, 8, 8],
			"children": [0, 1, 2, 3]
		},
		{
			"name": "Base",
			"origin": [8, 8, 8],
			"children": [4, 5, 6, 7, 8, 9, 10, 11]
		},
		{
			"name": "Upper4",
			"origin": [8, 8, 8],
			"children": [12]
		}, 13, 14, 15, 16, 17, 18, 19]
}