{
	"credit": "Made with Blockbench",
	"textures": {
		"0": "environment/blank",
		"1": "environment/greyshadow",
		"particle": "environment/blank"
	},
	"elements": [
		{
			"from": [1, 0, 1],
			"to": [18, 1, 18],
			"rotation": {"angle": 0, "axis": "y", "origin": [9, 8, 9]},
			"faces": {
				"north": {"uv": [0, 0, 16, 1], "texture": "#0"},
				"east": {"uv": [0, 0, 16, 1], "texture": "#0"},
				"south": {"uv": [0, 0, 16, 1], "texture": "#0"},
				"west": {"uv": [0, 0, 16, 1], "texture": "#0"},
				"up": {"uv": [0, 0, 16, 16], "texture": "#1"},
				"down": {"uv": [0, 0, 16, 16], "texture": "#1"}
			}
		},
		{
			"from": [1, 0, -1],
			"to": [3, 1, 0],
			"rotation": {"angle": 0, "axis": "y", "origin": [9, 8, 7]},
			"faces": {
				"north": {"uv": [0, 0, 2, 1], "texture": "#1"},
				"east": {"uv": [0, 0, 1, 1], "texture": "#0"},
				"south": {"uv": [0, 0, 2, 1], "texture": "#0"},
				"west": {"uv": [0, 0, 1, 1], "texture": "#1"},
				"up": {"uv": [0, 0, 2, 1], "texture": "#1"},
				"down": {"uv": [0, 0, 2, 1], "texture": "#1"}
			}
		},
		{
			"from": [16, 0, -1],
			"to": [18, 1, 0],
			"rotation": {"angle": 0, "axis": "y", "origin": [24, 8, 7]},
			"faces": {
				"north": {"uv": [0, 0, 2, 1], "texture": "#1"},
				"east": {"uv": [0, 0, 1, 1], "texture": "#1"},
				"south": {"uv": [0, 0, 2, 1], "texture": "#0"},
				"west": {"uv": [0, 0, 1, 1], "texture": "#0"},
				"up": {"uv": [0, 0, 2, 1], "texture": "#1"},
				"down": {"uv": [0, 0, 2, 1], "texture": "#1"}
			}
		},
		{
			"from": [3, 0, -1],
			"to": [16, 1, 0],
			"rotation": {"angle": 0, "axis": "y", "origin": [11, 8, 7]},
			"faces": {
				"north": {"uv": [0, 0, 13, 1], "texture": "#0"},
				"east": {"uv": [0, 0, 1, 1], "texture": "#0"},
				"south": {"uv": [0, 0, 13, 1], "texture": "#0"},
				"west": {"uv": [0, 0, 1, 1], "texture": "#0"},
				"up": {"uv": [0, 0, 13, 1], "texture": "#1"},
				"down": {"uv": [0, 0, 13, 1], "texture": "#1"}
			}
		},
		{
			"from": [1, 0, 0],
			"to": [18, 1, 1],
			"rotation": {"angle": 0, "axis": "y", "origin": [9, 8, 8]},
			"faces": {
				"north": {"uv": [0, 0, 16, 1], "texture": "#0"},
				"east": {"uv": [0, 0, 1, 1], "texture": "#0"},
				"south": {"uv": [0, 0, 16, 1], "texture": "#0"},
				"west": {"uv": [0, 0, 1, 1], "texture": "#0"},
				"up": {"uv": [0, 0, 16, 1], "texture": "#1"},
				"down": {"uv": [0, 0, 16, 1], "texture": "#1"}
			}
		},
		{
			"from": [3, 0, -2],
			"to": [6, 1, -1],
			"rotation": {"angle": 0, "axis": "y", "origin": [11, 8, 6]},
			"faces": {
				"north": {"uv": [0, 0, 3, 1], "texture": "#1"},
				"east": {"uv": [0, 0, 1, 1], "texture": "#0"},
				"south": {"uv": [0, 0, 3, 1], "texture": "#0"},
				"west": {"uv": [0, 0, 1, 1], "texture": "#1"},
				"up": {"uv": [0, 0, 3, 1], "texture": "#1"},
				"down": {"uv": [0, 0, 3, 1], "texture": "#1"}
			}
		},
		{
			"from": [13, 0, -2],
			"to": [16, 1, -1],
			"rotation": {"angle": 0, "axis": "y", "origin": [21, 8, 6]},
			"faces": {
				"north": {"uv": [0, 0, 3, 1], "texture": "#1"},
				"east": {"uv": [0, 0, 1, 1], "texture": "#1"},
				"south": {"uv": [0, 0, 3, 1], "texture": "#0"},
				"west": {"uv": [0, 0, 1, 1], "texture": "#0"},
				"up": {"uv": [0, 0, 3, 1], "texture": "#1"},
				"down": {"uv": [0, 0, 3, 1], "texture": "#1"}
			}
		},
		{
			"from": [6, 0, -2],
			"to": [13, 1, -1],
			"rotation": {"angle": 0, "axis": "y", "origin": [14, 8, 6]},
			"faces": {
				"north": {"uv": [0, 0, 7, 1], "texture": "#0"},
				"east": {"uv": [0, 0, 1, 1], "texture": "#0"},
				"south": {"uv": [0, 0, 7, 1], "texture": "#0"},
				"west": {"uv": [0, 0, 1, 1], "texture": "#0"},
				"up": {"uv": [0, 0, 7, 1], "texture": "#1"},
				"down": {"uv": [0, 0, 7, 1], "texture": "#1"}
			}
		},
		{
			"from": [6, 0, -3],
			"to": [13, 1, -2],
			"rotation": {"angle": 0, "axis": "y", "origin": [14, 8, 5]},
			"faces": {
				"north": {"uv": [0, 0, 7, 1], "texture": "#1"},
				"east": {"uv": [0, 0, 1, 1], "texture": "#1"},
				"south": {"uv": [0, 0, 7, 1], "texture": "#0"},
				"west": {"uv": [0, 0, 1, 1], "texture": "#1"},
				"up": {"uv": [0, 0, 7, 1], "texture": "#1"},
				"down": {"uv": [0, 0, 7, 1], "texture": "#1"}
			}
		},
		{
			"from": [0, 0, 0],
			"to": [1, 1, 1],
			"faces": {
				"north": {"uv": [0, 0, 1, 1], "texture": "#1"},
				"east": {"uv": [0, 0, 1, 1], "texture": "#0"},
				"south": {"uv": [0, 0, 1, 1], "texture": "#0"},
				"west": {"uv": [0, 0, 1, 1], "texture": "#1"},
				"up": {"uv": [0, 0, 1, 1], "texture": "#1"},
				"down": {"uv": [0, 0, 1, 1], "texture": "#1"}
			}
		},
		{
			"from": [-1, 0, 16],
			"to": [0, 1, 18],
			"rotation": {"angle": 0, "axis": "y", "origin": [7, 8, 10]},
			"faces": {
				"north": {"uv": [0, 0, 1, 1], "texture": "#0"},
				"east": {"uv": [0, 0, 2, 1], "texture": "#0"},
				"south": {"uv": [0, 0, 1, 1], "texture": "#1"},
				"west": {"uv": [0, 0, 2, 1], "texture": "#1"},
				"up": {"uv": [0, 0, 2, 1], "rotation": 270, "texture": "#1"},
				"down": {"uv": [0, 0, 2, 1], "rotation": 90, "texture": "#1"}
			}
		},
		{
			"from": [-1, 0, 1],
			"to": [0, 1, 3],
			"rotation": {"angle": 0, "axis": "y", "origin": [7, 8, 10]},
			"faces": {
				"north": {"uv": [0, 0, 1, 1], "texture": "#1"},
				"east": {"uv": [0, 0, 2, 1], "texture": "#0"},
				"south": {"uv": [0, 0, 1, 1], "texture": "#0"},
				"west": {"uv": [0, 0, 2, 1], "texture": "#1"},
				"up": {"uv": [0, 0, 2, 1], "rotation": 270, "texture": "#1"},
				"down": {"uv": [0, 0, 2, 1], "rotation": 90, "texture": "#1"}
			}
		},
		{
			"from": [-1, 0, 3],
			"to": [0, 1, 16],
			"rotation": {"angle": 0, "axis": "y", "origin": [7, 8, 10]},
			"faces": {
				"north": {"uv": [0, 0, 1, 1], "texture": "#0"},
				"east": {"uv": [0, 0, 13, 1], "texture": "#0"},
				"south": {"uv": [0, 0, 1, 1], "texture": "#0"},
				"west": {"uv": [0, 0, 13, 1], "texture": "#0"},
				"up": {"uv": [0, 0, 13, 1], "rotation": 270, "texture": "#1"},
				"down": {"uv": [0, 0, 13, 1], "rotation": 90, "texture": "#1"}
			}
		},
		{
			"from": [0, 0, 1],
			"to": [1, 1, 18],
			"rotation": {"angle": 0, "axis": "y", "origin": [7, 8, 10]},
			"faces": {
				"north": {"uv": [0, 0, 1, 1], "texture": "#0"},
				"east": {"uv": [0, 0, 16, 1], "texture": "#0"},
				"south": {"uv": [0, 0, 1, 1], "texture": "#0"},
				"west": {"uv": [0, 0, 16, 1], "texture": "#0"},
				"up": {"uv": [0, 0, 16, 1], "rotation": 270, "texture": "#1"},
				"down": {"uv": [0, 0, 16, 1], "rotation": 90, "texture": "#1"}
			}
		},
		{
			"from": [-2, 0, 13],
			"to": [-1, 1, 16],
			"rotation": {"angle": 0, "axis": "y", "origin": [7, 8, 10]},
			"faces": {
				"north": {"uv": [0, 0, 1, 1], "texture": "#0"},
				"east": {"uv": [0, 0, 3, 1], "texture": "#0"},
				"south": {"uv": [0, 0, 1, 1], "texture": "#1"},
				"west": {"uv": [0, 0, 3, 1], "texture": "#1"},
				"up": {"uv": [0, 0, 3, 1], "rotation": 270, "texture": "#1"},
				"down": {"uv": [0, 0, 3, 1], "rotation": 90, "texture": "#1"}
			}
		},
		{
			"from": [-2, 0, 3],
			"to": [-1, 1, 6],
			"rotation": {"angle": 0, "axis": "y", "origin": [7, 8, 10]},
			"faces": {
				"north": {"uv": [0, 0, 1, 1], "texture": "#1"},
				"east": {"uv": [0, 0, 3, 1], "texture": "#0"},
				"south": {"uv": [0, 0, 1, 1], "texture": "#0"},
				"west": {"uv": [0, 0, 3, 1], "texture": "#1"},
				"up": {"uv": [0, 0, 3, 1], "rotation": 270, "texture": "#1"},
				"down": {"uv": [0, 0, 3, 1], "rotation": 90, "texture": "#1"}
			}
		},
		{
			"from": [-2, 0, 6],
			"to": [-1, 1, 13],
			"rotation": {"angle": 0, "axis": "y", "origin": [7, 8, 10]},
			"faces": {
				"north": {"uv": [0, 0, 1, 1], "texture": "#0"},
				"east": {"uv": [0, 0, 7, 1], "texture": "#0"},
				"south": {"uv": [0, 0, 1, 1], "texture": "#0"},
				"west": {"uv": [0, 0, 7, 1], "texture": "#0"},
				"up": {"uv": [0, 0, 7, 1], "rotation": 270, "texture": "#1"},
				"down": {"uv": [0, 0, 7, 1], "rotation": 90, "texture": "#1"}
			}
		},
		{
			"from": [-3, 0, 6],
			"to": [-2, 1, 13],
			"rotation": {"angle": 0, "axis": "y", "origin": [7, 8, 10]},
			"faces": {
				"north": {"uv": [0, 0, 1, 1], "texture": "#1"},
				"east": {"uv": [0, 0, 7, 1], "texture": "#0"},
				"south": {"uv": [0, 0, 1, 1], "texture": "#1"},
				"west": {"uv": [0, 0, 7, 1], "texture": "#1"},
				"up": {"uv": [0, 0, 7, 1], "rotation": 270, "texture": "#1"},
				"down": {"uv": [0, 0, 7, 1], "rotation": 90, "texture": "#1"}
			}
		},
		{
			"from": [0, 0, 18],
			"to": [1, 1, 19],
			"rotation": {"angle": 0, "axis": "y", "origin": [7, 8, 10]},
			"faces": {
				"north": {"uv": [0, 0, 1, 1], "texture": "#0"},
				"east": {"uv": [0, 0, 1, 1], "texture": "#0"},
				"south": {"uv": [0, 0, 1, 1], "texture": "#1"},
				"west": {"uv": [0, 0, 1, 1], "texture": "#1"},
				"up": {"uv": [0, 0, 1, 1], "rotation": 270, "texture": "#1"},
				"down": {"uv": [0, 0, 1, 1], "rotation": 90, "texture": "#1"}
			}
		},
		{
			"from": [16, 0, 19],
			"to": [18, 1, 20],
			"rotation": {"angle": 0, "axis": "y", "origin": [10, 8, 12]},
			"faces": {
				"north": {"uv": [0, 0, 2, 1], "texture": "#0"},
				"east": {"uv": [0, 0, 1, 1], "texture": "#1"},
				"south": {"uv": [0, 0, 2, 1], "texture": "#1"},
				"west": {"uv": [0, 0, 1, 1], "texture": "#0"},
				"up": {"uv": [0, 0, 2, 1], "rotation": 180, "texture": "#1"},
				"down": {"uv": [0, 0, 2, 1], "rotation": 180, "texture": "#1"}
			}
		},
		{
			"from": [1, 0, 19],
			"to": [3, 1, 20],
			"rotation": {"angle": 0, "axis": "y", "origin": [10, 8, 12]},
			"faces": {
				"north": {"uv": [0, 0, 2, 1], "texture": "#0"},
				"east": {"uv": [0, 0, 1, 1], "texture": "#0"},
				"south": {"uv": [0, 0, 2, 1], "texture": "#1"},
				"west": {"uv": [0, 0, 1, 1], "texture": "#1"},
				"up": {"uv": [0, 0, 2, 1], "rotation": 180, "texture": "#1"},
				"down": {"uv": [0, 0, 2, 1], "rotation": 180, "texture": "#1"}
			}
		},
		{
			"from": [3, 0, 19],
			"to": [16, 1, 20],
			"rotation": {"angle": 0, "axis": "y", "origin": [10, 8, 12]},
			"faces": {
				"north": {"uv": [0, 0, 13, 1], "texture": "#0"},
				"east": {"uv": [0, 0, 1, 1], "texture": "#0"},
				"south": {"uv": [0, 0, 13, 1], "texture": "#0"},
				"west": {"uv": [0, 0, 1, 1], "texture": "#0"},
				"up": {"uv": [0, 0, 13, 1], "rotation": 180, "texture": "#1"},
				"down": {"uv": [0, 0, 13, 1], "rotation": 180, "texture": "#1"}
			}
		},
		{
			"from": [1, 0, 18],
			"to": [18, 1, 19],
			"rotation": {"angle": 0, "axis": "y", "origin": [10, 8, 12]},
			"faces": {
				"north": {"uv": [0, 0, 16, 1], "texture": "#0"},
				"east": {"uv": [0, 0, 1, 1], "texture": "#0"},
				"south": {"uv": [0, 0, 16, 1], "texture": "#0"},
				"west": {"uv": [0, 0, 1, 1], "texture": "#0"},
				"up": {"uv": [0, 0, 16, 1], "rotation": 180, "texture": "#1"},
				"down": {"uv": [0, 0, 16, 1], "rotation": 180, "texture": "#1"}
			}
		},
		{
			"from": [13, 0, 20],
			"to": [16, 1, 21],
			"rotation": {"angle": 0, "axis": "y", "origin": [10, 8, 12]},
			"faces": {
				"north": {"uv": [0, 0, 3, 1], "texture": "#0"},
				"east": {"uv": [0, 0, 1, 1], "texture": "#1"},
				"south": {"uv": [0, 0, 3, 1], "texture": "#1"},
				"west": {"uv": [0, 0, 1, 1], "texture": "#0"},
				"up": {"uv": [0, 0, 3, 1], "rotation": 180, "texture": "#1"},
				"down": {"uv": [0, 0, 3, 1], "rotation": 180, "texture": "#1"}
			}
		},
		{
			"from": [3, 0, 20],
			"to": [6, 1, 21],
			"rotation": {"angle": 0, "axis": "y", "origin": [10, 8, 12]},
			"faces": {
				"north": {"uv": [0, 0, 3, 1], "texture": "#0"},
				"east": {"uv": [0, 0, 1, 1], "texture": "#0"},
				"south": {"uv": [0, 0, 3, 1], "texture": "#1"},
				"west": {"uv": [0, 0, 1, 1], "texture": "#1"},
				"up": {"uv": [0, 0, 3, 1], "rotation": 180, "texture": "#1"},
				"down": {"uv": [0, 0, 3, 1], "rotation": 180, "texture": "#1"}
			}
		},
		{
			"from": [6, 0, 20],
			"to": [13, 1, 21],
			"rotation": {"angle": 0, "axis": "y", "origin": [10, 8, 12]},
			"faces": {
				"north": {"uv": [0, 0, 7, 1], "texture": "#0"},
				"east": {"uv": [0, 0, 1, 1], "texture": "#0"},
				"south": {"uv": [0, 0, 7, 1], "texture": "#0"},
				"west": {"uv": [0, 0, 1, 1], "texture": "#0"},
				"up": {"uv": [0, 0, 7, 1], "rotation": 180, "texture": "#1"},
				"down": {"uv": [0, 0, 7, 1], "rotation": 180, "texture": "#1"}
			}
		},
		{
			"from": [6, 0, 21],
			"to": [13, 1, 22],
			"rotation": {"angle": 0, "axis": "y", "origin": [10, 8, 12]},
			"faces": {
				"north": {"uv": [0, 0, 7, 1], "texture": "#0"},
				"east": {"uv": [0, 0, 1, 1], "texture": "#1"},
				"south": {"uv": [0, 0, 7, 1], "texture": "#1"},
				"west": {"uv": [0, 0, 1, 1], "texture": "#1"},
				"up": {"uv": [0, 0, 7, 1], "rotation": 180, "texture": "#1"},
				"down": {"uv": [0, 0, 7, 1], "rotation": 180, "texture": "#1"}
			}
		},
		{
			"from": [18, 0, 18],
			"to": [19, 1, 19],
			"rotation": {"angle": 0, "axis": "y", "origin": [10, 8, 12]},
			"faces": {
				"north": {"uv": [0, 0, 1, 1], "texture": "#0"},
				"east": {"uv": [0, 0, 1, 1], "texture": "#1"},
				"south": {"uv": [0, 0, 1, 1], "texture": "#1"},
				"west": {"uv": [0, 0, 1, 1], "texture": "#0"},
				"up": {"uv": [0, 0, 1, 1], "rotation": 180, "texture": "#1"},
				"down": {"uv": [0, 0, 1, 1], "rotation": 180, "texture": "#1"}
			}
		},
		{
			"from": [19, 0, 1],
			"to": [20, 1, 3],
			"rotation": {"angle": 0, "axis": "y", "origin": [12, 8, 9]},
			"faces": {
				"north": {"uv": [0, 0, 1, 1], "texture": "#1"},
				"east": {"uv": [0, 0, 2, 1], "texture": "#1"},
				"south": {"uv": [0, 0, 1, 1], "texture": "#0"},
				"west": {"uv": [0, 0, 2, 1], "texture": "#0"},
				"up": {"uv": [0, 0, 2, 1], "rotation": 90, "texture": "#1"},
				"down": {"uv": [0, 0, 2, 1], "rotation": 270, "texture": "#1"}
			}
		},
		{
			"from": [19, 0, 16],
			"to": [20, 1, 18],
			"rotation": {"angle": 0, "axis": "y", "origin": [12, 8, 9]},
			"faces": {
				"north": {"uv": [0, 0, 1, 1], "texture": "#0"},
				"east": {"uv": [0, 0, 2, 1], "texture": "#1"},
				"south": {"uv": [0, 0, 1, 1], "texture": "#1"},
				"west": {"uv": [0, 0, 2, 1], "texture": "#0"},
				"up": {"uv": [0, 0, 2, 1], "rotation": 90, "texture": "#1"},
				"down": {"uv": [0, 0, 2, 1], "rotation": 270, "texture": "#1"}
			}
		},
		{
			"from": [19, 0, 3],
			"to": [20, 1, 16],
			"rotation": {"angle": 0, "axis": "y", "origin": [12, 8, 9]},
			"faces": {
				"north": {"uv": [0, 0, 1, 1], "texture": "#0"},
				"east": {"uv": [0, 0, 13, 1], "texture": "#0"},
				"south": {"uv": [0, 0, 1, 1], "texture": "#0"},
				"west": {"uv": [0, 0, 13, 1], "texture": "#0"},
				"up": {"uv": [0, 0, 13, 1], "rotation": 90, "texture": "#1"},
				"down": {"uv": [0, 0, 13, 1], "rotation": 270, "texture": "#1"}
			}
		},
		{
			"from": [18, 0, 1],
			"to": [19, 1, 18],
			"rotation": {"angle": 0, "axis": "y", "origin": [12, 8, 9]},
			"faces": {
				"north": {"uv": [0, 0, 1, 1], "texture": "#0"},
				"east": {"uv": [0, 0, 16, 1], "texture": "#0"},
				"south": {"uv": [0, 0, 1, 1], "texture": "#0"},
				"west": {"uv": [0, 0, 16, 1], "texture": "#0"},
				"up": {"uv": [0, 0, 16, 1], "rotation": 90, "texture": "#1"},
				"down": {"uv": [0, 0, 16, 1], "rotation": 270, "texture": "#1"}
			}
		},
		{
			"from": [20, 0, 3],
			"to": [21, 1, 6],
			"rotation": {"angle": 0, "axis": "y", "origin": [12, 8, 9]},
			"faces": {
				"north": {"uv": [0, 0, 1, 1], "texture": "#1"},
				"east": {"uv": [0, 0, 3, 1], "texture": "#1"},
				"south": {"uv": [0, 0, 1, 1], "texture": "#0"},
				"west": {"uv": [0, 0, 3, 1], "texture": "#0"},
				"up": {"uv": [0, 0, 3, 1], "rotation": 90, "texture": "#1"},
				"down": {"uv": [0, 0, 3, 1], "rotation": 270, "texture": "#1"}
			}
		},
		{
			"from": [20, 0, 13],
			"to": [21, 1, 16],
			"rotation": {"angle": 0, "axis": "y", "origin": [12, 8, 9]},
			"faces": {
				"north": {"uv": [0, 0, 1, 1], "texture": "#0"},
				"east": {"uv": [0, 0, 3, 1], "texture": "#1"},
				"south": {"uv": [0, 0, 1, 1], "texture": "#1"},
				"west": {"uv": [0, 0, 3, 1], "texture": "#0"},
				"up": {"uv": [0, 0, 3, 1], "rotation": 90, "texture": "#1"},
				"down": {"uv": [0, 0, 3, 1], "rotation": 270, "texture": "#1"}
			}
		},
		{
			"from": [20, 0, 6],
			"to": [21, 1, 13],
			"rotation": {"angle": 0, "axis": "y", "origin": [12, 8, 9]},
			"faces": {
				"north": {"uv": [0, 0, 1, 1], "texture": "#0"},
				"east": {"uv": [0, 0, 7, 1], "texture": "#0"},
				"south": {"uv": [0, 0, 1, 1], "texture": "#0"},
				"west": {"uv": [0, 0, 7, 1], "texture": "#0"},
				"up": {"uv": [0, 0, 7, 1], "rotation": 90, "texture": "#1"},
				"down": {"uv": [0, 0, 7, 1], "rotation": 270, "texture": "#1"}
			}
		},
		{
			"from": [21, 0, 6],
			"to": [22, 1, 13],
			"rotation": {"angle": 0, "axis": "y", "origin": [12, 8, 9]},
			"faces": {
				"north": {"uv": [0, 0, 1, 1], "texture": "#1"},
				"east": {"uv": [0, 0, 7, 1], "texture": "#1"},
				"south": {"uv": [0, 0, 1, 1], "texture": "#1"},
				"west": {"uv": [0, 0, 7, 1], "texture": "#0"},
				"up": {"uv": [0, 0, 7, 1], "rotation": 90, "texture": "#1"},
				"down": {"uv": [0, 0, 7, 1], "rotation": 270, "texture": "#1"}
			}
		},
		{
			"from": [18, 0, 0],
			"to": [19, 1, 1],
			"rotation": {"angle": 0, "axis": "y", "origin": [12, 8, 9]},
			"faces": {
				"north": {"uv": [0, 0, 1, 1], "texture": "#1"},
				"east": {"uv": [0, 0, 1, 1], "texture": "#1"},
				"south": {"uv": [0, 0, 1, 1], "texture": "#0"},
				"west": {"uv": [0, 0, 1, 1], "texture": "#0"},
				"up": {"uv": [0, 0, 1, 1], "rotation": 90, "texture": "#1"},
				"down": {"uv": [0, 0, 1, 1], "rotation": 270, "texture": "#1"}
			}
		}
	],
	"display": {
		"head": {
			"translation": [6.5, -27.5, 3.5],
			"scale": [-4, 2.18, -4]
		}
	},
	"groups": [0,
		{
			"name": "group",
			"origin": [14, 8, 5],
			"children": [1, 2, 3, 4, 5, 6, 7, 8, 9]
		},
		{
			"name": "group",
			"origin": [14, 8, 5],
			"children": [10, 11, 12, 13, 14, 15, 16, 17, 18]
		},
		{
			"name": "group",
			"origin": [14, 8, 5],
			"children": [19, 20, 21, 22, 23, 24, 25, 26, 27]
		},
		{
			"name": "group",
			"origin": [14, 8, 5],
			"children": [28, 29, 30, 31, 32, 33, 34, 35, 36]
		}
	]
}