{
	"credit": "Made with Blockbench by Ozzy",
	"textures": {
		"0": "environment/goldcurve",
		"1": "environment/leather",
		"3": "environment/buckle",
		"4": "environment/s1",
		"5": "environment/s2"
	},
	"elements": [
		{
			"name": "hexadecagon",
			"from": [-0.00001, 7.00544, 3],
			"to": [0.99999, 8.99456, 13],
			"rotation": {"angle": -45, "axis": "x", "origin": [0.49999, 8, 8]},
			"faces": {
				"north": {"uv": [0, 0, 16, 16], "texture": "#0"},
				"east": {"uv": [0, 0, 1, 1], "texture": "#0"},
				"south": {"uv": [0, 0, 16, 16], "texture": "#0"},
				"west": {"uv": [0, 0, 1, 1], "texture": "#5"},
				"up": {"uv": [0, 0, 16, 16], "texture": "#0"},
				"down": {"uv": [0, 0, 16, 16], "texture": "#0"}
			}
		},
		{
			"name": "hexadecagon",
			"from": [-0.00001, 7.00544, 3],
			"to": [0.99999, 8.99456, 13],
			"rotation": {"angle": -22.5, "axis": "x", "origin": [0.49999, 8, 8]},
			"faces": {
				"north": {"uv": [0, 0, 16, 16], "texture": "#0"},
				"east": {"uv": [0, 0, 1, 1], "texture": "#0"},
				"south": {"uv": [0, 0, 16, 16], "texture": "#0"},
				"west": {"uv": [0, 0, 1, 1], "texture": "#5"},
				"up": {"uv": [0, 0, 16, 16], "texture": "#0"},
				"down": {"uv": [0, 0, 16, 16], "texture": "#0"}
			}
		},
		{
			"name": "hexadecagon",
			"from": [-0.00001, 7.00544, 3],
			"to": [0.99999, 8.99456, 13],
			"rotation": {"angle": 0, "axis": "y", "origin": [0.49999, 8, 8]},
			"faces": {
				"north": {"uv": [0, 0, 16, 16], "texture": "#0"},
				"east": {"uv": [0, 0, 1, 1], "texture": "#0"},
				"south": {"uv": [0, 0, 16, 16], "texture": "#0"},
				"west": {"uv": [0, 0, 1, 1], "texture": "#5"},
				"up": {"uv": [0, 0, 16, 16], "texture": "#0"},
				"down": {"uv": [0, 0, 16, 16], "texture": "#0"}
			}
		},
		{
			"name": "hexadecagon",
			"from": [-0.00001, 7.00544, 3],
			"to": [0.99999, 8.99456, 13],
			"rotation": {"angle": 22.5, "axis": "x", "origin": [0.49999, 8, 8]},
			"faces": {
				"north": {"uv": [0, 0, 16, 16], "texture": "#0"},
				"east": {"uv": [0, 0, 1, 1], "texture": "#0"},
				"south": {"uv": [0, 0, 16, 16], "texture": "#0"},
				"west": {"uv": [0, 0, 1, 1], "texture": "#5"},
				"up": {"uv": [0, 0, 16, 16], "texture": "#0"},
				"down": {"uv": [0, 0, 16, 16], "texture": "#0"}
			}
		},
		{
			"name": "hexadecagon",
			"from": [-0.00001, 7.00544, 3],
			"to": [0.99999, 8.99456, 13],
			"rotation": {"angle": 45, "axis": "x", "origin": [0.49999, 8, 8]},
			"faces": {
				"north": {"uv": [0, 0, 16, 16], "texture": "#0"},
				"east": {"uv": [0, 0, 1, 1], "texture": "#0"},
				"south": {"uv": [0, 0, 16, 16], "texture": "#0"},
				"west": {"uv": [0, 0, 1, 1], "texture": "#5"},
				"up": {"uv": [0, 0, 16, 16], "texture": "#0"},
				"down": {"uv": [0, 0, 16, 16], "texture": "#0"}
			}
		},
		{
			"name": "hexadecagon",
			"from": [-0.00001, 3, 7.00544],
			"to": [0.99999, 13, 8.99456],
			"rotation": {"angle": -22.5, "axis": "x", "origin": [0.49999, 8, 8]},
			"faces": {
				"north": {"uv": [0, 0, 16, 16], "texture": "#0"},
				"east": {"uv": [0, 0, 1, 1], "texture": "#0"},
				"south": {"uv": [0, 0, 16, 16], "texture": "#0"},
				"west": {"uv": [0, 0, 1, 1], "texture": "#5"},
				"up": {"uv": [0, 0, 16, 16], "texture": "#0"},
				"down": {"uv": [0, 0, 16, 16], "texture": "#0"}
			}
		},
		{
			"name": "hexadecagon",
			"from": [-0.00001, 3, 7.00544],
			"to": [0.99999, 13, 8.99456],
			"rotation": {"angle": 0, "axis": "y", "origin": [0.49999, 8, 8]},
			"faces": {
				"north": {"uv": [0, 0, 16, 16], "texture": "#0"},
				"east": {"uv": [0, 0, 1, 1], "texture": "#0"},
				"south": {"uv": [0, 0, 16, 16], "texture": "#0"},
				"west": {"uv": [0, 0, 1, 1], "texture": "#5"},
				"up": {"uv": [0, 0, 16, 16], "texture": "#0"},
				"down": {"uv": [0, 0, 16, 16], "texture": "#0"}
			}
		},
		{
			"name": "hexadecagon",
			"from": [-0.00001, 3, 7.00544],
			"to": [0.99999, 13, 8.99456],
			"rotation": {"angle": 22.5, "axis": "x", "origin": [0.49999, 8, 8]},
			"faces": {
				"north": {"uv": [0, 0, 16, 16], "texture": "#0"},
				"east": {"uv": [0, 0, 1, 1], "texture": "#0"},
				"south": {"uv": [0, 0, 16, 16], "texture": "#0"},
				"west": {"uv": [0, 0, 1, 1], "texture": "#5"},
				"up": {"uv": [0, 0, 16, 16], "texture": "#0"},
				"down": {"uv": [0, 0, 16, 16], "texture": "#0"}
			}
		},
		{
			"name": "hexadecagon",
			"from": [14.99999, 7.00544, 3],
			"to": [15.99999, 8.99456, 13],
			"rotation": {"angle": -45, "axis": "x", "origin": [15.49999, 8, 8]},
			"faces": {
				"north": {"uv": [0, 0, 16, 16], "texture": "#0"},
				"east": {"uv": [0, 0, 1, 1], "texture": "#5"},
				"south": {"uv": [0, 0, 16, 16], "texture": "#0"},
				"west": {"uv": [0, 0, 1, 1], "texture": "#0"},
				"up": {"uv": [0, 0, 16, 16], "texture": "#0"},
				"down": {"uv": [0, 0, 16, 16], "texture": "#0"}
			}
		},
		{
			"name": "hexadecagon",
			"from": [14.99999, 7.00544, 3],
			"to": [15.99999, 8.99456, 13],
			"rotation": {"angle": -22.5, "axis": "x", "origin": [15.49999, 8, 8]},
			"faces": {
				"north": {"uv": [0, 0, 16, 16], "texture": "#0"},
				"east": {"uv": [0, 0, 1, 1], "texture": "#5"},
				"south": {"uv": [0, 0, 16, 16], "texture": "#0"},
				"west": {"uv": [0, 0, 1, 1], "texture": "#0"},
				"up": {"uv": [0, 0, 16, 16], "texture": "#0"},
				"down": {"uv": [0, 0, 16, 16], "texture": "#0"}
			}
		},
		{
			"name": "hexadecagon",
			"from": [14.99999, 7.00544, 3],
			"to": [15.99999, 8.99456, 13],
			"rotation": {"angle": 0, "axis": "y", "origin": [15.49999, 8, 8]},
			"faces": {
				"north": {"uv": [0, 0, 16, 16], "texture": "#0"},
				"east": {"uv": [0, 0, 1, 1], "texture": "#5"},
				"south": {"uv": [0, 0, 16, 16], "texture": "#0"},
				"west": {"uv": [0, 0, 1, 1], "texture": "#0"},
				"up": {"uv": [0, 0, 16, 16], "texture": "#0"},
				"down": {"uv": [0, 0, 16, 16], "texture": "#0"}
			}
		},
		{
			"name": "hexadecagon",
			"from": [14.99999, 7.00544, 3],
			"to": [15.99999, 8.99456, 13],
			"rotation": {"angle": 22.5, "axis": "x", "origin": [15.49999, 8, 8]},
			"faces": {
				"north": {"uv": [0, 0, 16, 16], "texture": "#0"},
				"east": {"uv": [0, 0, 1, 1], "texture": "#5"},
				"south": {"uv": [0, 0, 16, 16], "texture": "#0"},
				"west": {"uv": [0, 0, 1, 1], "texture": "#0"},
				"up": {"uv": [0, 0, 16, 16], "texture": "#0"},
				"down": {"uv": [0, 0, 16, 16], "texture": "#0"}
			}
		},
		{
			"name": "hexadecagon",
			"from": [14.99999, 7.00544, 3],
			"to": [15.99999, 8.99456, 13],
			"rotation": {"angle": 45, "axis": "x", "origin": [15.49999, 8, 8]},
			"faces": {
				"north": {"uv": [0, 0, 16, 16], "texture": "#0"},
				"east": {"uv": [0, 0, 1, 1], "texture": "#5"},
				"south": {"uv": [0, 0, 16, 16], "texture": "#0"},
				"west": {"uv": [0, 0, 1, 1], "texture": "#0"},
				"up": {"uv": [0, 0, 16, 16], "texture": "#0"},
				"down": {"uv": [0, 0, 16, 16], "texture": "#0"}
			}
		},
		{
			"name": "hexadecagon",
			"from": [14.99999, 3, 7.00544],
			"to": [15.99999, 13, 8.99456],
			"rotation": {"angle": -22.5, "axis": "x", "origin": [15.49999, 8, 8]},
			"faces": {
				"north": {"uv": [0, 0, 16, 16], "texture": "#0"},
				"east": {"uv": [0, 0, 1, 1], "texture": "#5"},
				"south": {"uv": [0, 0, 16, 16], "texture": "#0"},
				"west": {"uv": [0, 0, 1, 1], "texture": "#0"},
				"up": {"uv": [0, 0, 16, 16], "texture": "#0"},
				"down": {"uv": [0, 0, 16, 16], "texture": "#0"}
			}
		},
		{
			"name": "hexadecagon",
			"from": [14.99999, 3, 7.00544],
			"to": [15.99999, 13, 8.99456],
			"rotation": {"angle": 0, "axis": "y", "origin": [15.49999, 8, 8]},
			"faces": {
				"north": {"uv": [0, 0, 16, 16], "texture": "#0"},
				"east": {"uv": [0, 0, 1, 1], "texture": "#5"},
				"south": {"uv": [0, 0, 16, 16], "texture": "#0"},
				"west": {"uv": [0, 0, 1, 1], "texture": "#0"},
				"up": {"uv": [0, 0, 16, 16], "texture": "#0"},
				"down": {"uv": [0, 0, 16, 16], "texture": "#0"}
			}
		},
		{
			"name": "hexadecagon",
			"from": [14.99999, 3, 7.00544],
			"to": [15.99999, 13, 8.99456],
			"rotation": {"angle": 22.5, "axis": "x", "origin": [15.49999, 8, 8]},
			"faces": {
				"north": {"uv": [0, 0, 16, 16], "texture": "#0"},
				"east": {"uv": [0, 0, 1, 1], "texture": "#5"},
				"south": {"uv": [0, 0, 16, 16], "texture": "#0"},
				"west": {"uv": [8, 11.5, 9, 12.5], "texture": "#0"},
				"up": {"uv": [0, 0, 16, 16], "texture": "#0"},
				"down": {"uv": [0, 0, 16, 16], "texture": "#0"}
			}
		},
		{
			"name": "hexadecagon",
			"from": [0.99999, 7.00544, 3],
			"to": [5.99999, 8.99456, 13],
			"rotation": {"angle": -45, "axis": "x", "origin": [2.49999, 8, 8]},
			"faces": {
				"north": {"uv": [10.5, 8, 16, 16], "rotation": 270, "texture": "#4"},
				"east": {"uv": [10.5, 8, 16, 16], "rotation": 270, "texture": "#4"},
				"south": {"uv": [10.5, 8, 16, 16], "rotation": 270, "texture": "#4"},
				"west": {"uv": [10.5, 8, 16, 16], "rotation": 270, "texture": "#4"},
				"up": {"uv": [10.5, 8, 16, 16], "rotation": 270, "texture": "#4"},
				"down": {"uv": [10.5, 8, 16, 16], "rotation": 270, "texture": "#4"}
			}
		},
		{
			"name": "hexadecagon",
			"from": [0.99999, 7.00544, 3],
			"to": [5.99999, 8.99456, 13],
			"rotation": {"angle": -22.5, "axis": "x", "origin": [2.49999, 8, 8]},
			"faces": {
				"north": {"uv": [10.5, 8, 16, 16], "rotation": 270, "texture": "#4"},
				"east": {"uv": [10.5, 8, 16, 16], "rotation": 270, "texture": "#4"},
				"south": {"uv": [10.5, 8, 16, 16], "rotation": 270, "texture": "#4"},
				"west": {"uv": [10.5, 8, 16, 16], "rotation": 270, "texture": "#4"},
				"up": {"uv": [10.5, 8, 16, 16], "rotation": 270, "texture": "#4"},
				"down": {"uv": [10.5, 8, 16, 16], "rotation": 270, "texture": "#4"}
			}
		},
		{
			"name": "hexadecagon",
			"from": [0.99999, 7.00544, 3],
			"to": [5.99999, 8.99456, 13],
			"rotation": {"angle": 0, "axis": "y", "origin": [2.49999, 8, 8]},
			"faces": {
				"north": {"uv": [10.5, 8, 16, 16], "rotation": 270, "texture": "#4"},
				"east": {"uv": [10.5, 8, 16, 16], "rotation": 270, "texture": "#4"},
				"south": {"uv": [10.5, 8, 16, 16], "rotation": 270, "texture": "#4"},
				"west": {"uv": [10.5, 8, 16, 16], "rotation": 270, "texture": "#4"},
				"up": {"uv": [10.5, 8, 16, 16], "rotation": 270, "texture": "#4"},
				"down": {"uv": [10.5, 8, 16, 16], "rotation": 270, "texture": "#4"}
			}
		},
		{
			"name": "hexadecagon",
			"from": [0.99999, 7.00544, 3],
			"to": [5.99999, 8.99456, 13],
			"rotation": {"angle": 22.5, "axis": "x", "origin": [2.49999, 8, 8]},
			"faces": {
				"north": {"uv": [10.5, 8, 16, 16], "rotation": 270, "texture": "#4"},
				"east": {"uv": [10.5, 8, 16, 16], "rotation": 270, "texture": "#4"},
				"south": {"uv": [10.5, 8, 16, 16], "rotation": 270, "texture": "#4"},
				"west": {"uv": [10.5, 8, 16, 16], "rotation": 270, "texture": "#4"},
				"up": {"uv": [10.5, 8, 16, 16], "rotation": 270, "texture": "#4"},
				"down": {"uv": [10.5, 8, 16, 16], "rotation": 270, "texture": "#4"}
			}
		},
		{
			"name": "hexadecagon",
			"from": [0.99999, 7.00544, 3],
			"to": [5.99999, 8.99456, 13],
			"rotation": {"angle": 45, "axis": "x", "origin": [2.49999, 8, 8]},
			"faces": {
				"north": {"uv": [10.5, 8, 16, 16], "rotation": 270, "texture": "#4"},
				"east": {"uv": [10.5, 8, 16, 16], "rotation": 270, "texture": "#4"},
				"south": {"uv": [10.5, 8, 16, 16], "rotation": 270, "texture": "#4"},
				"west": {"uv": [10.5, 8, 16, 16], "rotation": 270, "texture": "#4"},
				"up": {"uv": [10.5, 8, 16, 16], "rotation": 270, "texture": "#4"},
				"down": {"uv": [10.5, 8, 16, 16], "rotation": 270, "texture": "#4"}
			}
		},
		{
			"name": "hexadecagon",
			"from": [0.99999, 3, 7.00544],
			"to": [5.99999, 13, 8.99456],
			"rotation": {"angle": -22.5, "axis": "x", "origin": [2.49999, 8, 8]},
			"faces": {
				"north": {"uv": [10.5, 8, 16, 16], "rotation": 270, "texture": "#4"},
				"east": {"uv": [10.5, 8, 16, 16], "rotation": 270, "texture": "#4"},
				"south": {"uv": [10.5, 8, 16, 16], "rotation": 270, "texture": "#4"},
				"west": {"uv": [10.5, 8, 16, 16], "rotation": 270, "texture": "#4"},
				"up": {"uv": [10.5, 8, 16, 16], "rotation": 270, "texture": "#4"},
				"down": {"uv": [10.5, 8, 16, 16], "rotation": 270, "texture": "#4"}
			}
		},
		{
			"name": "hexadecagon",
			"from": [0.99999, 3, 7.00544],
			"to": [5.99999, 13, 8.99456],
			"rotation": {"angle": 0, "axis": "y", "origin": [2.49999, 8, 8]},
			"faces": {
				"north": {"uv": [10.5, 8, 16, 16], "rotation": 270, "texture": "#4"},
				"east": {"uv": [10.5, 8, 16, 16], "rotation": 270, "texture": "#4"},
				"south": {"uv": [10.5, 8, 16, 16], "rotation": 270, "texture": "#4"},
				"west": {"uv": [10.5, 8, 16, 16], "rotation": 270, "texture": "#4"},
				"up": {"uv": [10.5, 8, 16, 16], "rotation": 270, "texture": "#4"},
				"down": {"uv": [10.5, 8, 16, 16], "rotation": 270, "texture": "#4"}
			}
		},
		{
			"name": "hexadecagon",
			"from": [0.99999, 3, 7.00544],
			"to": [5.99999, 13, 8.99456],
			"rotation": {"angle": 22.5, "axis": "x", "origin": [2.49999, 8, 8]},
			"faces": {
				"north": {"uv": [10.5, 8, 16, 16], "rotation": 270, "texture": "#4"},
				"east": {"uv": [10.5, 8, 16, 16], "rotation": 270, "texture": "#4"},
				"south": {"uv": [10.5, 8, 16, 16], "rotation": 270, "texture": "#4"},
				"west": {"uv": [10.5, 8, 16, 16], "rotation": 270, "texture": "#4"},
				"up": {"uv": [10.5, 8, 16, 16], "rotation": 270, "texture": "#4"},
				"down": {"uv": [10.5, 8, 16, 16], "rotation": 270, "texture": "#4"}
			}
		},
		{
			"name": "hexadecagon",
			"from": [9.99999, 7.00544, 3],
			"to": [14.99999, 8.99456, 13],
			"rotation": {"angle": -45, "axis": "x", "origin": [11.49999, 8, 8]},
			"faces": {
				"north": {"uv": [10.5, 8, 16, 16], "rotation": 270, "texture": "#4"},
				"east": {"uv": [10.5, 8, 16, 16], "rotation": 270, "texture": "#4"},
				"south": {"uv": [10.5, 8, 16, 16], "rotation": 270, "texture": "#4"},
				"west": {"uv": [10.5, 8, 16, 16], "rotation": 270, "texture": "#4"},
				"up": {"uv": [10.5, 8, 16, 16], "rotation": 270, "texture": "#4"},
				"down": {"uv": [10.5, 8, 16, 16], "rotation": 270, "texture": "#4"}
			}
		},
		{
			"name": "hexadecagon",
			"from": [9.99999, 7.00544, 3],
			"to": [14.99999, 8.99456, 13],
			"rotation": {"angle": -22.5, "axis": "x", "origin": [11.49999, 8, 8]},
			"faces": {
				"north": {"uv": [10.5, 8, 16, 16], "rotation": 270, "texture": "#4"},
				"east": {"uv": [10.5, 8, 16, 16], "rotation": 270, "texture": "#4"},
				"south": {"uv": [10.5, 8, 16, 16], "rotation": 270, "texture": "#4"},
				"west": {"uv": [10.5, 8, 16, 16], "rotation": 270, "texture": "#4"},
				"up": {"uv": [10.5, 8, 16, 16], "rotation": 270, "texture": "#4"},
				"down": {"uv": [10.5, 8, 16, 16], "rotation": 270, "texture": "#4"}
			}
		},
		{
			"name": "hexadecagon",
			"from": [9.99999, 7.00544, 3],
			"to": [14.99999, 8.99456, 13],
			"rotation": {"angle": 0, "axis": "y", "origin": [11.49999, 8, 8]},
			"faces": {
				"north": {"uv": [10.5, 8, 16, 16], "rotation": 270, "texture": "#4"},
				"east": {"uv": [10.5, 8, 16, 16], "rotation": 270, "texture": "#4"},
				"south": {"uv": [10.5, 8, 16, 16], "rotation": 270, "texture": "#4"},
				"west": {"uv": [10.5, 8, 16, 16], "rotation": 270, "texture": "#4"},
				"up": {"uv": [10.5, 8, 16, 16], "rotation": 270, "texture": "#4"},
				"down": {"uv": [10.5, 8, 16, 16], "rotation": 270, "texture": "#4"}
			}
		},
		{
			"name": "hexadecagon",
			"from": [9.99999, 7.00544, 3],
			"to": [14.99999, 8.99456, 13],
			"rotation": {"angle": 22.5, "axis": "x", "origin": [11.49999, 8, 8]},
			"faces": {
				"north": {"uv": [10.5, 8, 16, 16], "rotation": 270, "texture": "#4"},
				"east": {"uv": [10.5, 8, 16, 16], "rotation": 270, "texture": "#4"},
				"south": {"uv": [10.5, 8, 16, 16], "rotation": 270, "texture": "#4"},
				"west": {"uv": [10.5, 8, 16, 16], "rotation": 270, "texture": "#4"},
				"up": {"uv": [10.5, 8, 16, 16], "rotation": 270, "texture": "#4"},
				"down": {"uv": [10.5, 8, 16, 16], "rotation": 270, "texture": "#4"}
			}
		},
		{
			"name": "hexadecagon",
			"from": [9.99999, 7.00544, 3],
			"to": [14.99999, 8.99456, 13],
			"rotation": {"angle": 45, "axis": "x", "origin": [11.49999, 8, 8]},
			"faces": {
				"north": {"uv": [10.5, 8, 16, 16], "rotation": 270, "texture": "#4"},
				"east": {"uv": [10.5, 8, 16, 16], "rotation": 270, "texture": "#4"},
				"south": {"uv": [10.5, 8, 16, 16], "rotation": 270, "texture": "#4"},
				"west": {"uv": [10.5, 8, 16, 16], "rotation": 270, "texture": "#4"},
				"up": {"uv": [10.5, 8, 16, 16], "rotation": 270, "texture": "#4"},
				"down": {"uv": [10.5, 8, 16, 16], "rotation": 270, "texture": "#4"}
			}
		},
		{
			"name": "hexadecagon",
			"from": [9.99999, 3, 7.00544],
			"to": [14.99999, 13, 8.99456],
			"rotation": {"angle": -22.5, "axis": "x", "origin": [11.49999, 8, 8]},
			"faces": {
				"north": {"uv": [10.5, 8, 16, 16], "rotation": 270, "texture": "#4"},
				"east": {"uv": [10.5, 8, 16, 16], "rotation": 270, "texture": "#4"},
				"south": {"uv": [10.5, 8, 16, 16], "rotation": 270, "texture": "#4"},
				"west": {"uv": [10.5, 8, 16, 16], "rotation": 270, "texture": "#4"},
				"up": {"uv": [10.5, 8, 16, 16], "rotation": 270, "texture": "#4"},
				"down": {"uv": [10.5, 8, 16, 16], "rotation": 270, "texture": "#4"}
			}
		},
		{
			"name": "hexadecagon",
			"from": [9.99999, 3, 7.00544],
			"to": [14.99999, 13, 8.99456],
			"rotation": {"angle": 0, "axis": "y", "origin": [11.49999, 8, 8]},
			"faces": {
				"north": {"uv": [10.5, 8, 16, 16], "rotation": 270, "texture": "#4"},
				"east": {"uv": [10.5, 8, 16, 16], "rotation": 270, "texture": "#4"},
				"south": {"uv": [10.5, 8, 16, 16], "rotation": 270, "texture": "#4"},
				"west": {"uv": [10.5, 8, 16, 16], "rotation": 270, "texture": "#4"},
				"up": {"uv": [10.5, 8, 16, 16], "rotation": 270, "texture": "#4"},
				"down": {"uv": [10.5, 8, 16, 16], "rotation": 270, "texture": "#4"}
			}
		},
		{
			"name": "hexadecagon",
			"from": [9.99999, 3, 7.00544],
			"to": [14.99999, 13, 8.99456],
			"rotation": {"angle": 22.5, "axis": "x", "origin": [11.49999, 8, 8]},
			"faces": {
				"north": {"uv": [10.5, 8, 16, 16], "rotation": 270, "texture": "#4"},
				"east": {"uv": [10.5, 8, 16, 16], "rotation": 270, "texture": "#4"},
				"south": {"uv": [10.5, 8, 16, 16], "rotation": 270, "texture": "#4"},
				"west": {"uv": [10.5, 8, 16, 16], "rotation": 270, "texture": "#4"},
				"up": {"uv": [10.5, 8, 16, 16], "rotation": 270, "texture": "#4"},
				"down": {"uv": [10.5, 8, 16, 16], "rotation": 270, "texture": "#4"}
			}
		},
		{
			"name": "hexadecagon",
			"from": [5.99999, 7.00544, 3],
			"to": [9.99999, 8.99456, 13],
			"rotation": {"angle": -45, "axis": "x", "origin": [9.49999, 8, 8]},
			"faces": {
				"north": {"uv": [10.5, 8, 16, 16], "rotation": 270, "texture": "#5"},
				"east": {"uv": [10.5, 8, 16, 16], "rotation": 270, "texture": "#5"},
				"south": {"uv": [10.5, 8, 16, 16], "rotation": 270, "texture": "#5"},
				"west": {"uv": [10.5, 8, 16, 16], "rotation": 270, "texture": "#5"},
				"up": {"uv": [10.5, 8, 16, 16], "rotation": 270, "texture": "#5"},
				"down": {"uv": [10.5, 8, 16, 16], "rotation": 270, "texture": "#5"}
			}
		},
		{
			"name": "hexadecagon",
			"from": [5.99999, 7.00544, 3],
			"to": [9.99999, 8.99456, 13],
			"rotation": {"angle": -22.5, "axis": "x", "origin": [9.49999, 8, 8]},
			"faces": {
				"north": {"uv": [10.5, 8, 16, 16], "rotation": 270, "texture": "#5"},
				"east": {"uv": [10.5, 8, 16, 16], "rotation": 270, "texture": "#5"},
				"south": {"uv": [10.5, 8, 16, 16], "rotation": 270, "texture": "#5"},
				"west": {"uv": [10.5, 8, 16, 16], "rotation": 270, "texture": "#5"},
				"up": {"uv": [10.5, 8, 16, 16], "rotation": 270, "texture": "#5"},
				"down": {"uv": [10.5, 8, 16, 16], "rotation": 270, "texture": "#5"}
			}
		},
		{
			"name": "hexadecagon",
			"from": [5.99999, 7.00544, 3],
			"to": [9.99999, 8.99456, 13],
			"rotation": {"angle": 0, "axis": "y", "origin": [9.49999, 8, 8]},
			"faces": {
				"north": {"uv": [10.5, 8, 16, 16], "rotation": 270, "texture": "#5"},
				"east": {"uv": [10.5, 8, 16, 16], "rotation": 270, "texture": "#5"},
				"south": {"uv": [10.5, 8, 16, 16], "rotation": 270, "texture": "#5"},
				"west": {"uv": [10.5, 8, 16, 16], "rotation": 270, "texture": "#5"},
				"up": {"uv": [10.5, 8, 16, 16], "rotation": 270, "texture": "#5"},
				"down": {"uv": [10.5, 8, 16, 16], "rotation": 270, "texture": "#5"}
			}
		},
		{
			"name": "hexadecagon",
			"from": [5.99999, 7.00544, 3],
			"to": [9.99999, 8.99456, 13],
			"rotation": {"angle": 22.5, "axis": "x", "origin": [9.49999, 8, 8]},
			"faces": {
				"north": {"uv": [10.5, 8, 16, 16], "rotation": 270, "texture": "#5"},
				"east": {"uv": [10.5, 8, 16, 16], "rotation": 270, "texture": "#5"},
				"south": {"uv": [10.5, 8, 16, 16], "rotation": 270, "texture": "#5"},
				"west": {"uv": [10.5, 8, 16, 16], "rotation": 270, "texture": "#5"},
				"up": {"uv": [10.5, 8, 16, 16], "rotation": 270, "texture": "#5"},
				"down": {"uv": [10.5, 8, 16, 16], "rotation": 270, "texture": "#5"}
			}
		},
		{
			"name": "hexadecagon",
			"from": [5.99999, 7.00544, 3],
			"to": [9.99999, 8.99456, 13],
			"rotation": {"angle": 45, "axis": "x", "origin": [9.49999, 8, 8]},
			"faces": {
				"north": {"uv": [10.5, 8, 16, 16], "rotation": 270, "texture": "#5"},
				"east": {"uv": [10.5, 8, 16, 16], "rotation": 270, "texture": "#5"},
				"south": {"uv": [10.5, 8, 16, 16], "rotation": 270, "texture": "#5"},
				"west": {"uv": [10.5, 8, 16, 16], "rotation": 270, "texture": "#5"},
				"up": {"uv": [10.5, 8, 16, 16], "rotation": 270, "texture": "#5"},
				"down": {"uv": [10.5, 8, 16, 16], "rotation": 270, "texture": "#5"}
			}
		},
		{
			"name": "hexadecagon",
			"from": [5.99999, 3, 7.00544],
			"to": [9.99999, 13, 8.99456],
			"rotation": {"angle": -22.5, "axis": "x", "origin": [9.49999, 8, 8]},
			"faces": {
				"north": {"uv": [10.5, 8, 16, 16], "rotation": 270, "texture": "#5"},
				"east": {"uv": [10.5, 8, 16, 16], "rotation": 270, "texture": "#5"},
				"south": {"uv": [10.5, 8, 16, 16], "rotation": 270, "texture": "#5"},
				"west": {"uv": [10.5, 8, 16, 16], "rotation": 270, "texture": "#5"},
				"up": {"uv": [10.5, 8, 16, 16], "rotation": 270, "texture": "#5"},
				"down": {"uv": [10.5, 8, 16, 16], "rotation": 270, "texture": "#5"}
			}
		},
		{
			"name": "hexadecagon",
			"from": [5.99999, 3, 7.00544],
			"to": [9.99999, 13, 8.99456],
			"rotation": {"angle": 0, "axis": "y", "origin": [9.49999, 8, 8]},
			"faces": {
				"north": {"uv": [10.5, 8, 16, 16], "rotation": 270, "texture": "#5"},
				"east": {"uv": [10.5, 8, 16, 16], "rotation": 270, "texture": "#5"},
				"south": {"uv": [10.5, 8, 16, 16], "rotation": 270, "texture": "#5"},
				"west": {"uv": [10.5, 8, 16, 16], "rotation": 270, "texture": "#5"},
				"up": {"uv": [10.5, 8, 16, 16], "rotation": 270, "texture": "#5"},
				"down": {"uv": [10.5, 8, 16, 16], "rotation": 270, "texture": "#5"}
			}
		},
		{
			"name": "hexadecagon",
			"from": [5.99999, 3, 7.00544],
			"to": [9.99999, 13, 8.99456],
			"rotation": {"angle": 22.5, "axis": "x", "origin": [9.49999, 8, 8]},
			"faces": {
				"north": {"uv": [10.5, 8, 16, 16], "rotation": 270, "texture": "#5"},
				"east": {"uv": [10.5, 8, 16, 16], "rotation": 270, "texture": "#5"},
				"south": {"uv": [10.5, 8, 16, 16], "rotation": 270, "texture": "#5"},
				"west": {"uv": [10.5, 8, 16, 16], "rotation": 270, "texture": "#5"},
				"up": {"uv": [10.5, 8, 16, 16], "rotation": 270, "texture": "#5"},
				"down": {"uv": [10.5, 8, 16, 16], "rotation": 270, "texture": "#5"}
			}
		},
		{
			"name": "hexadecagon",
			"from": [1.99999, 6.98555, 2.9],
			"to": [3.99999, 9.01445, 13.1],
			"rotation": {"angle": -45, "axis": "x", "origin": [2.49999, 8, 8]},
			"faces": {
				"north": {"uv": [0, 0, 16, 16], "texture": "#5"},
				"east": {"uv": [0, 0, 16, 16], "texture": "#5"},
				"south": {"uv": [0, 0, 16, 16], "texture": "#5"},
				"west": {"uv": [0, 0, 16, 16], "texture": "#5"},
				"up": {"uv": [0, 0, 16, 16], "texture": "#5"},
				"down": {"uv": [0, 0, 16, 16], "texture": "#5"}
			}
		},
		{
			"name": "hexadecagon",
			"from": [1.99999, 6.98555, 2.9],
			"to": [3.99999, 9.01445, 13.1],
			"rotation": {"angle": -22.5, "axis": "x", "origin": [2.49999, 8, 8]},
			"faces": {
				"north": {"uv": [0, 0, 16, 16], "texture": "#5"},
				"east": {"uv": [0, 0, 16, 16], "texture": "#5"},
				"south": {"uv": [0, 0, 16, 16], "texture": "#5"},
				"west": {"uv": [0, 0, 16, 16], "texture": "#5"},
				"up": {"uv": [0, 0, 16, 16], "texture": "#5"},
				"down": {"uv": [0, 0, 16, 16], "texture": "#5"}
			}
		},
		{
			"name": "hexadecagon",
			"from": [1.99999, 6.98555, 2.9],
			"to": [3.99999, 9.01445, 13.1],
			"rotation": {"angle": 0, "axis": "y", "origin": [2.49999, 8, 8]},
			"faces": {
				"north": {"uv": [0, 0, 16, 16], "texture": "#5"},
				"east": {"uv": [0, 0, 16, 16], "texture": "#5"},
				"south": {"uv": [0, 0, 16, 16], "texture": "#5"},
				"west": {"uv": [0, 0, 16, 16], "texture": "#5"},
				"up": {"uv": [0, 0, 16, 16], "texture": "#5"},
				"down": {"uv": [0, 0, 16, 16], "texture": "#5"}
			}
		},
		{
			"name": "hexadecagon",
			"from": [1.99999, 6.98555, 2.9],
			"to": [3.99999, 9.01445, 13.1],
			"rotation": {"angle": 22.5, "axis": "x", "origin": [2.49999, 8, 8]},
			"faces": {
				"north": {"uv": [0, 0, 16, 16], "texture": "#5"},
				"east": {"uv": [0, 0, 16, 16], "texture": "#5"},
				"south": {"uv": [0, 0, 16, 16], "texture": "#5"},
				"west": {"uv": [0, 0, 16, 16], "texture": "#5"},
				"up": {"uv": [0, 0, 16, 16], "texture": "#5"},
				"down": {"uv": [0, 0, 16, 16], "texture": "#5"}
			}
		},
		{
			"name": "hexadecagon",
			"from": [1.99999, 6.98555, 2.9],
			"to": [3.99999, 9.01445, 13.1],
			"rotation": {"angle": 45, "axis": "x", "origin": [2.49999, 8, 8]},
			"faces": {
				"north": {"uv": [0, 0, 16, 16], "texture": "#5"},
				"east": {"uv": [0, 0, 16, 16], "texture": "#5"},
				"south": {"uv": [0, 0, 16, 16], "texture": "#5"},
				"west": {"uv": [0, 0, 16, 16], "texture": "#5"},
				"up": {"uv": [0, 0, 16, 16], "texture": "#5"},
				"down": {"uv": [0, 0, 16, 16], "texture": "#5"}
			}
		},
		{
			"name": "hexadecagon",
			"from": [1.99999, 2.9, 6.98555],
			"to": [3.99999, 13.1, 9.01445],
			"rotation": {"angle": -22.5, "axis": "x", "origin": [2.49999, 8, 8]},
			"faces": {
				"north": {"uv": [0, 0, 16, 16], "texture": "#5"},
				"east": {"uv": [0, 0, 16, 16], "texture": "#5"},
				"south": {"uv": [0, 0, 16, 16], "texture": "#5"},
				"west": {"uv": [0, 0, 16, 16], "texture": "#5"},
				"up": {"uv": [0, 0, 16, 16], "texture": "#5"},
				"down": {"uv": [0, 0, 16, 16], "texture": "#5"}
			}
		},
		{
			"name": "hexadecagon",
			"from": [1.99999, 2.9, 6.98555],
			"to": [3.99999, 13.1, 9.01445],
			"rotation": {"angle": 0, "axis": "y", "origin": [2.49999, 8, 8]},
			"faces": {
				"north": {"uv": [0, 0, 16, 16], "texture": "#5"},
				"east": {"uv": [0, 0, 16, 16], "texture": "#5"},
				"south": {"uv": [0, 0, 16, 16], "texture": "#5"},
				"west": {"uv": [0, 0, 16, 16], "texture": "#5"},
				"up": {"uv": [0, 0, 16, 16], "texture": "#5"},
				"down": {"uv": [0, 0, 16, 16], "texture": "#5"}
			}
		},
		{
			"name": "hexadecagon",
			"from": [1.99999, 2.9, 6.98555],
			"to": [3.99999, 13.1, 9.01445],
			"rotation": {"angle": 22.5, "axis": "x", "origin": [2.49999, 8, 8]},
			"faces": {
				"north": {"uv": [0, 0, 16, 16], "texture": "#5"},
				"east": {"uv": [0, 0, 16, 16], "texture": "#5"},
				"south": {"uv": [0, 0, 16, 16], "texture": "#5"},
				"west": {"uv": [0, 0, 16, 16], "texture": "#5"},
				"up": {"uv": [0, 0, 16, 16], "texture": "#5"},
				"down": {"uv": [0, 0, 16, 16], "texture": "#5"}
			}
		},
		{
			"name": "hexadecagon",
			"from": [11.99999, 6.98555, 2.9],
			"to": [13.99999, 9.01445, 13.1],
			"rotation": {"angle": -45, "axis": "x", "origin": [12.49999, 8, 8]},
			"faces": {
				"north": {"uv": [0, 0, 16, 16], "texture": "#5"},
				"east": {"uv": [0, 0, 16, 16], "texture": "#5"},
				"south": {"uv": [0, 0, 16, 16], "texture": "#5"},
				"west": {"uv": [0, 0, 16, 16], "texture": "#5"},
				"up": {"uv": [0, 0, 16, 16], "texture": "#5"},
				"down": {"uv": [0, 0, 16, 16], "texture": "#5"}
			}
		},
		{
			"name": "hexadecagon",
			"from": [11.99999, 6.98555, 2.9],
			"to": [13.99999, 9.01445, 13.1],
			"rotation": {"angle": -22.5, "axis": "x", "origin": [12.49999, 8, 8]},
			"faces": {
				"north": {"uv": [0, 0, 16, 16], "texture": "#5"},
				"east": {"uv": [0, 0, 16, 16], "texture": "#5"},
				"south": {"uv": [0, 0, 16, 16], "texture": "#5"},
				"west": {"uv": [0, 0, 16, 16], "texture": "#5"},
				"up": {"uv": [0, 0, 16, 16], "texture": "#5"},
				"down": {"uv": [0, 0, 16, 16], "texture": "#5"}
			}
		},
		{
			"name": "hexadecagon",
			"from": [11.99999, 6.98555, 2.9],
			"to": [13.99999, 9.01445, 13.1],
			"rotation": {"angle": 0, "axis": "y", "origin": [12.49999, 8, 8]},
			"faces": {
				"north": {"uv": [0, 0, 16, 16], "texture": "#5"},
				"east": {"uv": [0, 0, 16, 16], "texture": "#5"},
				"south": {"uv": [0, 0, 16, 16], "texture": "#5"},
				"west": {"uv": [0, 0, 16, 16], "texture": "#5"},
				"up": {"uv": [0, 0, 16, 16], "texture": "#5"},
				"down": {"uv": [0, 0, 16, 16], "texture": "#5"}
			}
		},
		{
			"name": "hexadecagon",
			"from": [11.99999, 6.98555, 2.9],
			"to": [13.99999, 9.01445, 13.1],
			"rotation": {"angle": 22.5, "axis": "x", "origin": [12.49999, 8, 8]},
			"faces": {
				"north": {"uv": [0, 0, 16, 16], "texture": "#5"},
				"east": {"uv": [0, 0, 16, 16], "texture": "#5"},
				"south": {"uv": [0, 0, 16, 16], "texture": "#5"},
				"west": {"uv": [0, 0, 16, 16], "texture": "#5"},
				"up": {"uv": [0, 0, 16, 16], "texture": "#5"},
				"down": {"uv": [0, 0, 16, 16], "texture": "#5"}
			}
		},
		{
			"name": "hexadecagon",
			"from": [11.99999, 6.98555, 2.9],
			"to": [13.99999, 9.01445, 13.1],
			"rotation": {"angle": 45, "axis": "x", "origin": [12.49999, 8, 8]},
			"faces": {
				"north": {"uv": [0, 0, 16, 16], "texture": "#5"},
				"east": {"uv": [0, 0, 16, 16], "texture": "#5"},
				"south": {"uv": [0, 0, 16, 16], "texture": "#5"},
				"west": {"uv": [0, 0, 16, 16], "texture": "#5"},
				"up": {"uv": [0, 0, 16, 16], "texture": "#5"},
				"down": {"uv": [0, 0, 16, 16], "texture": "#5"}
			}
		},
		{
			"name": "hexadecagon",
			"from": [11.99999, 2.9, 6.98555],
			"to": [13.99999, 13.1, 9.01445],
			"rotation": {"angle": -22.5, "axis": "x", "origin": [12.49999, 8, 8]},
			"faces": {
				"north": {"uv": [0, 0, 16, 16], "texture": "#5"},
				"east": {"uv": [0, 0, 16, 16], "texture": "#5"},
				"south": {"uv": [0, 0, 16, 16], "texture": "#5"},
				"west": {"uv": [0, 0, 16, 16], "texture": "#5"},
				"up": {"uv": [0, 0, 16, 16], "texture": "#5"},
				"down": {"uv": [0, 0, 16, 16], "texture": "#5"}
			}
		},
		{
			"name": "hexadecagon",
			"from": [11.99999, 2.9, 6.98555],
			"to": [13.99999, 13.1, 9.01445],
			"rotation": {"angle": 0, "axis": "y", "origin": [12.49999, 8, 8]},
			"faces": {
				"north": {"uv": [0, 0, 16, 16], "texture": "#5"},
				"east": {"uv": [0, 0, 16, 16], "texture": "#5"},
				"south": {"uv": [0, 0, 16, 16], "texture": "#5"},
				"west": {"uv": [0, 0, 16, 16], "texture": "#5"},
				"up": {"uv": [0, 0, 16, 16], "texture": "#5"},
				"down": {"uv": [0, 0, 16, 16], "texture": "#5"}
			}
		},
		{
			"name": "hexadecagon",
			"from": [11.99999, 2.9, 6.98555],
			"to": [13.99999, 13.1, 9.01445],
			"rotation": {"angle": 22.5, "axis": "x", "origin": [12.49999, 8, 8]},
			"faces": {
				"north": {"uv": [0, 0, 16, 16], "texture": "#5"},
				"east": {"uv": [0, 0, 16, 16], "texture": "#5"},
				"south": {"uv": [0, 0, 16, 16], "texture": "#5"},
				"west": {"uv": [0, 0, 16, 16], "texture": "#5"},
				"up": {"uv": [0, 0, 16, 16], "texture": "#5"},
				"down": {"uv": [0, 0, 16, 16], "texture": "#5"}
			}
		},
		{
			"name": "hexadecagon",
			"from": [7.80109, 8, 12.5],
			"to": [8.19891, 9, 13.2],
			"rotation": {"angle": -45, "axis": "z", "origin": [8, 8, 13]},
			"faces": {
				"north": {"uv": [2, 0, 2.5, 0.5], "texture": "#3"},
				"east": {"uv": [2, 0, 2.5, 0.5], "texture": "#3"},
				"south": {"uv": [2, 0, 2.5, 0.5], "texture": "#3"},
				"west": {"uv": [2, 0, 2.5, 0.5], "texture": "#3"},
				"up": {"uv": [2, 0, 2.5, 0.5], "texture": "#3"},
				"down": {"uv": [2, 0, 2.5, 0.5], "texture": "#3"}
			}
		},
		{
			"name": "hexadecagon",
			"from": [7.80109, 8, 12.5],
			"to": [8.19891, 9, 13.2],
			"rotation": {"angle": -22.5, "axis": "z", "origin": [8, 8, 13]},
			"faces": {
				"north": {"uv": [2, 0, 2.5, 0.5], "texture": "#3"},
				"east": {"uv": [2, 0, 2.5, 0.5], "texture": "#3"},
				"south": {"uv": [2, 0, 2.5, 0.5], "texture": "#3"},
				"west": {"uv": [2, 0, 2.5, 0.5], "texture": "#3"},
				"up": {"uv": [2, 0, 2.5, 0.5], "texture": "#3"},
				"down": {"uv": [2, 0, 2.5, 0.5], "texture": "#3"}
			}
		},
		{
			"name": "hexadecagon",
			"from": [7.80109, 8, 12.5],
			"to": [8.19891, 9, 13.2],
			"rotation": {"angle": 0, "axis": "y", "origin": [8, 8, 13]},
			"faces": {
				"north": {"uv": [2, 0, 2.5, 0.5], "texture": "#3"},
				"east": {"uv": [2, 0, 2.5, 0.5], "texture": "#3"},
				"south": {"uv": [2, 0, 2.5, 0.5], "texture": "#3"},
				"west": {"uv": [2, 0, 2.5, 0.5], "texture": "#3"},
				"up": {"uv": [2, 0, 2.5, 0.5], "texture": "#3"},
				"down": {"uv": [2, 0, 2.5, 0.5], "texture": "#3"}
			}
		},
		{
			"name": "hexadecagon",
			"from": [7.80109, 8, 12.5],
			"to": [8.19891, 9, 13.2],
			"rotation": {"angle": 22.5, "axis": "z", "origin": [8, 8, 13]},
			"faces": {
				"north": {"uv": [2, 0, 2.5, 0.5], "texture": "#3"},
				"east": {"uv": [2, 0, 2.5, 0.5], "texture": "#3"},
				"south": {"uv": [2, 0, 2.5, 0.5], "texture": "#3"},
				"west": {"uv": [2, 0, 2.5, 0.5], "texture": "#3"},
				"up": {"uv": [2, 0, 2.5, 0.5], "texture": "#3"},
				"down": {"uv": [2, 0, 2.5, 0.5], "texture": "#3"}
			}
		},
		{
			"name": "hexadecagon",
			"from": [7.80109, 8, 12.5],
			"to": [8.19891, 9, 13.2],
			"rotation": {"angle": 45, "axis": "z", "origin": [8, 8, 13]},
			"faces": {
				"north": {"uv": [2, 0, 2.5, 0.5], "texture": "#3"},
				"east": {"uv": [2, 0, 2.5, 0.5], "texture": "#3"},
				"south": {"uv": [2, 0, 2.5, 0.5], "texture": "#3"},
				"west": {"uv": [2, 0, 2.5, 0.5], "texture": "#3"},
				"up": {"uv": [2, 0, 2.5, 0.5], "texture": "#3"},
				"down": {"uv": [2, 0, 2.5, 0.5], "texture": "#3"}
			}
		},
		{
			"name": "hexadecagon",
			"from": [7, 7.80109, 12.5],
			"to": [8, 8.19891, 13.2],
			"rotation": {"angle": -22.5, "axis": "z", "origin": [8, 8, 13]},
			"faces": {
				"north": {"uv": [2, 0, 2.5, 0.5], "texture": "#3"},
				"east": {"uv": [2, 0, 2.5, 0.5], "texture": "#3"},
				"south": {"uv": [2, 0, 2.5, 0.5], "texture": "#3"},
				"west": {"uv": [2, 0, 2.5, 0.5], "texture": "#3"},
				"up": {"uv": [2, 0, 2.5, 0.5], "texture": "#3"},
				"down": {"uv": [2, 0, 2.5, 0.5], "texture": "#3"}
			}
		},
		{
			"name": "hexadecagon",
			"from": [7, 7.80109, 12.5],
			"to": [9, 8.19891, 13.25],
			"rotation": {"angle": 0, "axis": "y", "origin": [8, 8, 13]},
			"faces": {
				"north": {"uv": [0, 0, 0.5, 0.5], "texture": "#0"},
				"east": {"uv": [0, 0, 0.5, 0.5], "texture": "#0"},
				"south": {"uv": [0, 0, 0.5, 0.5], "texture": "#0"},
				"west": {"uv": [0, 0, 0.5, 0.5], "texture": "#0"},
				"up": {"uv": [0, 0, 0.5, 0.5], "texture": "#0"},
				"down": {"uv": [0, 0, 0.5, 0.5], "texture": "#0"}
			}
		},
		{
			"name": "hexadecagon",
			"from": [7.805, 7.80109, 12.5],
			"to": [8.195, 8.19891, 13.3],
			"rotation": {"angle": 0, "axis": "y", "origin": [7.805, 8, 13]},
			"faces": {
				"north": {"uv": [0, 0, 0.5, 0.5], "texture": "#1"},
				"east": {"uv": [0, 0, 0.5, 0.5], "texture": "#1"},
				"south": {"uv": [0, 0, 0.5, 0.5], "texture": "#1"},
				"west": {"uv": [0, 0, 0.5, 0.5], "texture": "#1"},
				"up": {"uv": [0, 0, 0.5, 0.5], "texture": "#1"},
				"down": {"uv": [0, 0, 0.5, 0.5], "texture": "#1"}
			}
		},
		{
			"name": "hexadecagon",
			"from": [8, 7.80109, 12.5],
			"to": [9, 8.19891, 13.2],
			"rotation": {"angle": 22.5, "axis": "z", "origin": [8, 8, 13]},
			"faces": {
				"north": {"uv": [2, 0, 2.5, 0.5], "texture": "#3"},
				"east": {"uv": [2, 0, 2.5, 0.5], "texture": "#3"},
				"south": {"uv": [2, 0, 2.5, 0.5], "texture": "#3"},
				"west": {"uv": [2, 0, 2.5, 0.5], "texture": "#3"},
				"up": {"uv": [2, 0, 2.5, 0.5], "texture": "#3"},
				"down": {"uv": [2, 0, 2.5, 0.5], "texture": "#3"}
			}
		},
		{
			"name": "hexadecagon",
			"from": [12.80109, 6, 12.5],
			"to": [13.19891, 7, 13.2],
			"rotation": {"angle": -45, "axis": "z", "origin": [13, 7, 13]},
			"faces": {
				"north": {"uv": [2, 0, 2.5, 0.5], "texture": "#3"},
				"east": {"uv": [2, 0, 2.5, 0.5], "texture": "#3"},
				"south": {"uv": [2, 0, 2.5, 0.5], "texture": "#3"},
				"west": {"uv": [2, 0, 2.5, 0.5], "texture": "#3"},
				"up": {"uv": [2, 0, 2.5, 0.5], "texture": "#3"},
				"down": {"uv": [2, 0, 2.5, 0.5], "texture": "#3"}
			}
		},
		{
			"name": "hexadecagon",
			"from": [12.80109, 6, 12.5],
			"to": [13.19891, 7, 13.2],
			"rotation": {"angle": -22.5, "axis": "z", "origin": [13, 7, 13]},
			"faces": {
				"north": {"uv": [2, 0, 2.5, 0.5], "texture": "#3"},
				"east": {"uv": [2, 0, 2.5, 0.5], "texture": "#3"},
				"south": {"uv": [2, 0, 2.5, 0.5], "texture": "#3"},
				"west": {"uv": [2, 0, 2.5, 0.5], "texture": "#3"},
				"up": {"uv": [2, 0, 2.5, 0.5], "texture": "#3"},
				"down": {"uv": [2, 0, 2.5, 0.5], "texture": "#3"}
			}
		},
		{
			"name": "hexadecagon",
			"from": [12.80109, 6, 12.5],
			"to": [13.19891, 7, 13.2],
			"rotation": {"angle": 0, "axis": "y", "origin": [13, 7, 13]},
			"faces": {
				"north": {"uv": [2, 0, 2.5, 0.5], "texture": "#3"},
				"east": {"uv": [2, 0, 2.5, 0.5], "texture": "#3"},
				"south": {"uv": [2, 0, 2.5, 0.5], "texture": "#3"},
				"west": {"uv": [2, 0, 2.5, 0.5], "texture": "#3"},
				"up": {"uv": [2, 0, 2.5, 0.5], "texture": "#3"},
				"down": {"uv": [2, 0, 2.5, 0.5], "texture": "#3"}
			}
		},
		{
			"name": "hexadecagon",
			"from": [12.80109, 6, 12.5],
			"to": [13.19891, 7, 13.2],
			"rotation": {"angle": 22.5, "axis": "z", "origin": [13, 7, 13]},
			"faces": {
				"north": {"uv": [2, 0, 2.5, 0.5], "texture": "#3"},
				"east": {"uv": [2, 0, 2.5, 0.5], "texture": "#3"},
				"south": {"uv": [2, 0, 2.5, 0.5], "texture": "#3"},
				"west": {"uv": [2, 0, 2.5, 0.5], "texture": "#3"},
				"up": {"uv": [2, 0, 2.5, 0.5], "texture": "#3"},
				"down": {"uv": [2, 0, 2.5, 0.5], "texture": "#3"}
			}
		},
		{
			"name": "hexadecagon",
			"from": [12.80109, 6, 12.5],
			"to": [13.19891, 7, 13.2],
			"rotation": {"angle": 45, "axis": "z", "origin": [13, 7, 13]},
			"faces": {
				"north": {"uv": [2, 0, 2.5, 0.5], "texture": "#3"},
				"east": {"uv": [2, 0, 2.5, 0.5], "texture": "#3"},
				"south": {"uv": [2, 0, 2.5, 0.5], "texture": "#3"},
				"west": {"uv": [2, 0, 2.5, 0.5], "texture": "#3"},
				"up": {"uv": [2, 0, 2.5, 0.5], "texture": "#3"},
				"down": {"uv": [2, 0, 2.5, 0.5], "texture": "#3"}
			}
		},
		{
			"name": "hexadecagon",
			"from": [13, 6.80109, 12.5],
			"to": [14, 7.19891, 13.2],
			"rotation": {"angle": -22.5, "axis": "z", "origin": [13, 7, 13]},
			"faces": {
				"north": {"uv": [2, 0, 2.5, 0.5], "texture": "#3"},
				"east": {"uv": [2, 0, 2.5, 0.5], "texture": "#3"},
				"south": {"uv": [2, 0, 2.5, 0.5], "texture": "#3"},
				"west": {"uv": [2, 0, 2.5, 0.5], "texture": "#3"},
				"up": {"uv": [2, 0, 2.5, 0.5], "texture": "#3"},
				"down": {"uv": [2, 0, 2.5, 0.5], "texture": "#3"}
			}
		},
		{
			"name": "hexadecagon",
			"from": [11.99965, 6.80144, 13],
			"to": [13.99965, 7.19926, 13.2],
			"rotation": {"angle": 0, "axis": "y", "origin": [12.99965, 7.00035, 12.8]},
			"faces": {
				"north": {"uv": [2, 0, 2.5, 0.5], "texture": "#3"},
				"east": {"uv": [0, 0, 16, 16], "texture": "#3"},
				"south": {"uv": [2, 0, 2.5, 0.5], "texture": "#3"},
				"west": {"uv": [0, 0, 16, 16], "texture": "#3"},
				"up": {"uv": [2, 0, 2.5, 0.5], "texture": "#3"},
				"down": {"uv": [2, 0, 2.5, 0.5], "texture": "#3"}
			}
		},
		{
			"name": "hexadecagon",
			"from": [12, 6.80109, 12.5],
			"to": [13, 7.19891, 13.2],
			"rotation": {"angle": 22.5, "axis": "z", "origin": [13, 7, 13]},
			"faces": {
				"north": {"uv": [2, 0, 2.5, 0.5], "texture": "#3"},
				"east": {"uv": [2, 0, 2.5, 0.5], "texture": "#3"},
				"south": {"uv": [2, 0, 2.5, 0.5], "texture": "#3"},
				"west": {"uv": [2, 0, 2.5, 0.5], "texture": "#3"},
				"up": {"uv": [2, 0, 2.5, 0.5], "texture": "#3"},
				"down": {"uv": [2, 0, 2.5, 0.5], "texture": "#3"}
			}
		},
		{
			"name": "hexadecagon",
			"from": [2.80109, 6, 12.5],
			"to": [3.19891, 7, 13.2],
			"rotation": {"angle": -45, "axis": "z", "origin": [3, 7, 13]},
			"faces": {
				"north": {"uv": [2, 0, 2.5, 0.5], "texture": "#3"},
				"east": {"uv": [2, 0, 2.5, 0.5], "texture": "#3"},
				"south": {"uv": [2, 0, 2.5, 0.5], "texture": "#3"},
				"west": {"uv": [2, 0, 2.5, 0.5], "texture": "#3"},
				"up": {"uv": [2, 0, 2.5, 0.5], "texture": "#3"},
				"down": {"uv": [2, 0, 2.5, 0.5], "texture": "#3"}
			}
		},
		{
			"name": "hexadecagon",
			"from": [2.80109, 6, 12.5],
			"to": [3.19891, 7, 13.2],
			"rotation": {"angle": -22.5, "axis": "z", "origin": [3, 7, 13]},
			"faces": {
				"north": {"uv": [2, 0, 2.5, 0.5], "texture": "#3"},
				"east": {"uv": [2, 0, 2.5, 0.5], "texture": "#3"},
				"south": {"uv": [2, 0, 2.5, 0.5], "texture": "#3"},
				"west": {"uv": [2, 0, 2.5, 0.5], "texture": "#3"},
				"up": {"uv": [2, 0, 2.5, 0.5], "texture": "#3"},
				"down": {"uv": [2, 0, 2.5, 0.5], "texture": "#3"}
			}
		},
		{
			"name": "hexadecagon",
			"from": [2.80109, 6, 12.5],
			"to": [3.19891, 7, 13.2],
			"rotation": {"angle": 0, "axis": "y", "origin": [3, 7, 13]},
			"faces": {
				"north": {"uv": [2, 0, 2.5, 0.5], "texture": "#3"},
				"east": {"uv": [2, 0, 2.5, 0.5], "texture": "#3"},
				"south": {"uv": [2, 0, 2.5, 0.5], "texture": "#3"},
				"west": {"uv": [2, 0, 2.5, 0.5], "texture": "#3"},
				"up": {"uv": [2, 0, 2.5, 0.5], "texture": "#3"},
				"down": {"uv": [2, 0, 2.5, 0.5], "texture": "#3"}
			}
		},
		{
			"name": "hexadecagon",
			"from": [2.80109, 6, 12.5],
			"to": [3.19891, 7, 13.2],
			"rotation": {"angle": 22.5, "axis": "z", "origin": [3, 7, 13]},
			"faces": {
				"north": {"uv": [2, 0, 2.5, 0.5], "texture": "#3"},
				"east": {"uv": [2, 0, 2.5, 0.5], "texture": "#3"},
				"south": {"uv": [2, 0, 2.5, 0.5], "texture": "#3"},
				"west": {"uv": [2, 0, 2.5, 0.5], "texture": "#3"},
				"up": {"uv": [2, 0, 2.5, 0.5], "texture": "#3"},
				"down": {"uv": [2, 0, 2.5, 0.5], "texture": "#3"}
			}
		},
		{
			"name": "hexadecagon",
			"from": [2.80109, 6, 12.5],
			"to": [3.19891, 7, 13.2],
			"rotation": {"angle": 45, "axis": "z", "origin": [3, 7, 13]},
			"faces": {
				"north": {"uv": [2, 0, 2.5, 0.5], "texture": "#3"},
				"east": {"uv": [2, 0, 2.5, 0.5], "texture": "#3"},
				"south": {"uv": [2, 0, 2.5, 0.5], "texture": "#3"},
				"west": {"uv": [2, 0, 2.5, 0.5], "texture": "#3"},
				"up": {"uv": [2, 0, 2.5, 0.5], "texture": "#3"},
				"down": {"uv": [2, 0, 2.5, 0.5], "texture": "#3"}
			}
		},
		{
			"name": "hexadecagon",
			"from": [3, 6.80109, 12.5],
			"to": [4, 7.19891, 13.2],
			"rotation": {"angle": -22.5, "axis": "z", "origin": [3, 7, 13]},
			"faces": {
				"north": {"uv": [2, 0, 2.5, 0.5], "texture": "#3"},
				"east": {"uv": [2, 0, 2.5, 0.5], "texture": "#3"},
				"south": {"uv": [2, 0, 2.5, 0.5], "texture": "#3"},
				"west": {"uv": [2, 0, 2.5, 0.5], "texture": "#3"},
				"up": {"uv": [2, 0, 2.5, 0.5], "texture": "#3"},
				"down": {"uv": [2, 0, 2.5, 0.5], "texture": "#3"}
			}
		},
		{
			"name": "hexadecagon",
			"from": [1.99965, 6.80144, 13],
			"to": [3.99965, 7.19926, 13.2],
			"rotation": {"angle": 0, "axis": "y", "origin": [2.99965, 7.00035, 12.8]},
			"faces": {
				"north": {"uv": [2, 0, 2.5, 0.5], "texture": "#3"},
				"east": {"uv": [0, 0, 16, 16], "texture": "#3"},
				"south": {"uv": [2, 0, 2.5, 0.5], "texture": "#3"},
				"west": {"uv": [0, 0, 16, 16], "texture": "#3"},
				"up": {"uv": [2, 0, 2.5, 0.5], "texture": "#3"},
				"down": {"uv": [2, 0, 2.5, 0.5], "texture": "#3"}
			}
		},
		{
			"name": "hexadecagon",
			"from": [2, 6.80109, 12.5],
			"to": [3, 7.19891, 13.2],
			"rotation": {"angle": 22.5, "axis": "z", "origin": [3, 7, 13]},
			"faces": {
				"north": {"uv": [2, 0, 2.5, 0.5], "texture": "#3"},
				"east": {"uv": [2, 0, 2.5, 0.5], "texture": "#3"},
				"south": {"uv": [2, 0, 2.5, 0.5], "texture": "#3"},
				"west": {"uv": [2, 0, 2.5, 0.5], "texture": "#3"},
				"up": {"uv": [2, 0, 2.5, 0.5], "texture": "#3"},
				"down": {"uv": [2, 0, 2.5, 0.5], "texture": "#3"}
			}
		},
		{
			"from": [5.2, 7, 12],
			"to": [10.7, 9, 13.01],
			"rotation": {"angle": 0, "axis": "y", "origin": [15.5, 8, 8]},
			"faces": {
				"north": {"uv": [10.5, 8, 16, 16], "rotation": 270, "texture": "#1"},
				"east": {"uv": [10.5, 8, 16, 16], "rotation": 270, "texture": "#1"},
				"south": {"uv": [10.5, 8, 16, 16], "rotation": 270, "texture": "#4"},
				"west": {"uv": [10.5, 8, 16, 16], "rotation": 270, "texture": "#1"},
				"up": {"uv": [10.5, 8, 16, 16], "rotation": 270, "texture": "#1"},
				"down": {"uv": [10.5, 8, 16, 16], "rotation": 270, "texture": "#1"}
			}
		},
		{
			"name": "hexadecagon",
			"from": [7.80109, 7, 12.5],
			"to": [8.19891, 8, 13.2],
			"rotation": {"angle": -45, "axis": "z", "origin": [8, 8, 13]},
			"faces": {
				"north": {"uv": [13.5, 6, 14, 6.5], "texture": "#3"},
				"east": {"uv": [13.5, 6, 14, 6.5], "texture": "#3"},
				"south": {"uv": [0, 1.5, 0.5, 2], "texture": "#3"},
				"west": {"uv": [13.5, 6, 14, 6.5], "texture": "#3"},
				"up": {"uv": [13.5, 6, 14, 6.5], "texture": "#3"},
				"down": {"uv": [13.5, 6, 14, 6.5], "texture": "#3"}
			}
		},
		{
			"name": "hexadecagon",
			"from": [7.80109, 7, 12.5],
			"to": [8.19891, 8, 13.2],
			"rotation": {"angle": -22.5, "axis": "z", "origin": [8, 8, 13]},
			"faces": {
				"north": {"uv": [13.5, 6, 14, 6.5], "texture": "#3"},
				"east": {"uv": [13.5, 6, 14, 6.5], "texture": "#3"},
				"south": {"uv": [0, 1.5, 0.5, 2], "texture": "#3"},
				"west": {"uv": [13.5, 6, 14, 6.5], "texture": "#3"},
				"up": {"uv": [13.5, 6, 14, 6.5], "texture": "#3"},
				"down": {"uv": [13.5, 6, 14, 6.5], "texture": "#3"}
			}
		},
		{
			"name": "hexadecagon",
			"from": [7.80109, 7, 12.5],
			"to": [8.19891, 8, 13.2],
			"rotation": {"angle": 0, "axis": "y", "origin": [8, 8, 13]},
			"faces": {
				"north": {"uv": [13.5, 6, 14, 6.5], "texture": "#3"},
				"east": {"uv": [13.5, 6, 14, 6.5], "texture": "#3"},
				"south": {"uv": [0, 1.5, 0.5, 2], "texture": "#3"},
				"west": {"uv": [13.5, 6, 14, 6.5], "texture": "#3"},
				"up": {"uv": [13.5, 6, 14, 6.5], "texture": "#3"},
				"down": {"uv": [13.5, 6, 14, 6.5], "texture": "#3"}
			}
		},
		{
			"name": "hexadecagon",
			"from": [7.80109, 7, 12.5],
			"to": [8.19891, 8, 13.2],
			"rotation": {"angle": 22.5, "axis": "z", "origin": [8, 8, 13]},
			"faces": {
				"north": {"uv": [13.5, 6, 14, 6.5], "texture": "#3"},
				"east": {"uv": [13.5, 6, 14, 6.5], "texture": "#3"},
				"south": {"uv": [0, 1.5, 0.5, 2], "texture": "#3"},
				"west": {"uv": [13.5, 6, 14, 6.5], "texture": "#3"},
				"up": {"uv": [13.5, 6, 14, 6.5], "texture": "#3"},
				"down": {"uv": [13.5, 6, 14, 6.5], "texture": "#3"}
			}
		},
		{
			"name": "hexadecagon",
			"from": [7.80109, 7, 12.5],
			"to": [8.19891, 8, 13.2],
			"rotation": {"angle": 45, "axis": "z", "origin": [8, 8, 13]},
			"faces": {
				"north": {"uv": [13.5, 6, 14, 6.5], "texture": "#3"},
				"east": {"uv": [13.5, 6, 14, 6.5], "texture": "#3"},
				"south": {"uv": [0, 1.5, 0.5, 2], "texture": "#3"},
				"west": {"uv": [13.5, 6, 14, 6.5], "texture": "#3"},
				"up": {"uv": [13.5, 6, 14, 6.5], "texture": "#3"},
				"down": {"uv": [13.5, 6, 14, 6.5], "texture": "#3"}
			}
		},
		{
			"name": "hexadecagon",
			"from": [8, 7.80109, 12.5],
			"to": [9, 8.19891, 13.2],
			"rotation": {"angle": -22.5, "axis": "z", "origin": [8, 8, 13]},
			"faces": {
				"north": {"uv": [13.5, 6, 14, 6.5], "texture": "#3"},
				"east": {"uv": [13.5, 6, 14, 6.5], "texture": "#3"},
				"south": {"uv": [0, 1.5, 0.5, 2], "texture": "#3"},
				"west": {"uv": [13.5, 6, 14, 6.5], "texture": "#3"},
				"up": {"uv": [13.5, 6, 14, 6.5], "texture": "#3"},
				"down": {"uv": [13.5, 6, 14, 6.5], "texture": "#3"}
			}
		},
		{
			"name": "hexadecagon",
			"from": [7, 7.80109, 12.5],
			"to": [8, 8.19891, 13.2],
			"rotation": {"angle": 22.5, "axis": "z", "origin": [8, 8, 13]},
			"faces": {
				"north": {"uv": [13.5, 6, 14, 6.5], "texture": "#3"},
				"east": {"uv": [13.5, 6, 14, 6.5], "texture": "#3"},
				"south": {"uv": [0, 1.5, 0.5, 2], "texture": "#3"},
				"west": {"uv": [13.5, 6, 14, 6.5], "texture": "#3"},
				"up": {"uv": [13.5, 6, 14, 6.5], "texture": "#3"},
				"down": {"uv": [13.5, 6, 14, 6.5], "texture": "#3"}
			}
		}
	],
	"display": {
		"thirdperson_righthand": {
			"translation": [0, 2.25, 0],
			"scale": [0.5, 0.5, 0.5]
		},
		"thirdperson_lefthand": {
			"translation": [0, 2.25, 0],
			"scale": [0.5, 0.5, 0.5]
		},
		"firstperson_righthand": {
			"rotation": [0, -40, 0],
			"translation": [0, 3.75, 0],
			"scale": [0.5, 0.5, 0.5]
		},
		"firstperson_lefthand": {
			"rotation": [0, -40, 0],
			"translation": [0, 3.75, 0],
			"scale": [0.5, 0.5, 0.5]
		},
		"ground": {
			"scale": [0.7, 0.7, 0.7]
		},
		"gui": {
			"rotation": [0, -19, -11],
			"scale": [0.7, 0.7, 0.7]
		},
		"head": {
			"rotation": [0, 180, 0],
			"translation": [0, -35.5, 0],
			"scale": [1.8, 1.8, 1.8]
		},
		"fixed": {
			"rotation": [0, 180, 0],
			"translation": [0, -0.5, 0]
		}
	},
	"groups": [
		{
			"name": "Left",
			"origin": [8, 8, 8],
			"children": [0, 1, 2, 3, 4, 5, 6, 7]
		},
		{
			"name": "Right",
			"origin": [8, 8, 8],
			"children": [8, 9, 10, 11, 12, 13, 14, 15]
		},
		{
			"name": "leatherleft",
			"origin": [8, 8, 8],
			"children": [16, 17, 18, 19, 20, 21, 22, 23]
		},
		{
			"name": "leatherright",
			"origin": [8, 8, 8],
			"children": [24, 25, 26, 27, 28, 29, 30, 31]
		},
		{
			"name": "middle",
			"origin": [8, 8, 8],
			"children": [32, 33, 34, 35, 36, 37, 38, 39]
		},
		{
			"name": "LeftStrap",
			"origin": [8, 8, 8],
			"children": [40, 41, 42, 43, 44, 45, 46, 47]
		},
		{
			"name": "RightStrap",
			"origin": [8, 8, 8],
			"children": [48, 49, 50, 51, 52, 53, 54, 55]
		},
		{
			"name": "Center",
			"origin": [8, 8, 8],
			"children": [56, 57, 58, 59, 60, 61, 62, 63, 64]
		},
		{
			"name": "RightBuckle",
			"origin": [8, 8, 8],
			"children": [65, 66, 67, 68, 69, 70, 71, 72]
		},
		{
			"name": "LeftBuckle",
			"origin": [8, 8, 8],
			"children": [73, 74, 75, 76, 77, 78, 79, 80]
		}, 81,
		{
			"name": "Center",
			"origin": [8, 8, 8],
			"children": [82, 83, 84, 85, 86, 87, 88]
		}
	]
}