{
	"credit": "Made with Blockbench",
	"textures": {
		"particle": "blocks/planks_oak",
		"planks_oak": "blocks/planks_oak"
	},
	"elements": [
		{
			"name": "plank_2",
			"from": [0, 7, 4],
			"to": [16, 8, 9],
			"faces": {
				"north": {"uv": [0, 8, 16, 9], "texture": "#planks_oak"},
				"east": {"uv": [8, 4, 9, 9], "rotation": 90, "texture": "#planks_oak"},
				"south": {"uv": [0, 8, 16, 9], "texture": "#planks_oak"},
				"west": {"uv": [7, 9, 8, 4], "rotation": 90, "texture": "#planks_oak"},
				"up": {"uv": [0, 4, 16, 9], "texture": "#planks_oak"},
				"down": {"uv": [0, 4, 16, 9], "rotation": 180, "texture": "#planks_oak"}
			}
		},
		{
			"name": "plank_1",
			"from": [0, 7, 10],
			"to": [16, 8, 15],
			"faces": {
				"north": {"uv": [0, 8, 16, 9], "texture": "#planks_oak"},
				"east": {"uv": [8, 10, 9, 15], "rotation": 90, "texture": "#planks_oak"},
				"south": {"uv": [0, 8, 16, 9], "texture": "#planks_oak"},
				"west": {"uv": [7, 15, 8, 10], "rotation": 90, "texture": "#planks_oak"},
				"up": {"uv": [0, 10, 16, 15], "texture": "#planks_oak"},
				"down": {"uv": [0, 10, 16, 15], "rotation": 180, "texture": "#planks_oak"}
			}
		},
		{
			"name": "plank_3",
			"from": [0, 11, 2],
			"to": [16, 16, 3],
			"faces": {
				"north": {"uv": [0, 0, 16, 5], "texture": "#planks_oak"},
				"east": {"uv": [13, 0, 14, 5], "texture": "#planks_oak"},
				"south": {"uv": [0, 0, 16, 5], "texture": "#planks_oak"},
				"west": {"uv": [2, 0, 3, 5], "texture": "#planks_oak"},
				"up": {"uv": [0, 2, 16, 3], "texture": "#planks_oak"},
				"down": {"uv": [0, 2, 16, 3], "texture": "#planks_oak"}
			}
		}
	],
	"display": {
		"thirdperson_righthand": {
			"rotation": [75, 315, 0],
			"translation": [0, 2.5, 0],
			"scale": [0.375, 0.375, 0.375]
		},
		"firstperson_righthand": {
			"rotation": [0, 315, 0],
			"translation": [0, 2.5, 0],
			"scale": [0.4, 0.4, 0.4]
		},
		"ground": {
			"translation": [0, 3, 0],
			"scale": [0.25, 0.25, 0.25]
		},
		"gui": {
			"rotation": [30, 45, 0],
			"scale": [0.625, 0.625, 0.625]
		},
		"head": {
			"rotation": [0, 180, 0]
		},
		"fixed": {
			"rotation": [0, 180, 0]
		}
	}
}