{
	"credit": "Made with Blockbench",
	"texture_size": [315, 210],
	"textures": {
		"0": "signs/intropainting",
		"2": "environment/blank",
		"particle": "signs/intropainting"
	},
	"elements": [
		{
			"name": "map",
			"from": [-7.5, -2, 7.8],
			"to": [26.5, 32, 7.8],
			"rotation": {"angle": 0, "axis": "y", "origin": [0, 10.5, 16.5]},
			"faces": {
				"north": {"uv": [0, 0, 1.6254, 1.6], "rotation": 180, "texture": "#2"},
				"east": {"uv": [0, 0, 1.06667, 0.07619], "rotation": 270, "texture": "#2"},
				"south": {"uv": [0, 0, 15.99949, 15.99924], "texture": "#0"},
				"west": {"uv": [0, 0, 1.06667, 0.07619], "rotation": 90, "texture": "#2"},
				"up": {"uv": [0, 0, 1.6254, 0.07619], "rotation": 180, "texture": "#2"},
				"down": {"uv": [0, 0, 1.6254, 0.07619], "texture": "#2"}
			}
		}
	],
	"display": {
		"thirdperson_righthand": {
			"rotation": [61.5, 0, 0],
			"translation": [-6.5, 19, 0],
			"scale": [0.75, 0.75, 0.75]
		},
		"thirdperson_lefthand": {
			"rotation": [61.5, 0, 0],
			"translation": [-6.5, 19, 0],
			"scale": [0.75, 0.75, 0.75]
		},
		"firstperson_righthand": {
			"translation": [-9.25, 4.25, 0],
			"scale": [0.4, 0.4, 0.4]
		},
		"firstperson_lefthand": {
			"translation": [-8.75, 4.25, 0],
			"scale": [0.4, 0.4, 0.4]
		},
		"ground": {
			"translation": [0, -3.5, 0],
			"scale": [0.25, 0.25, 0.25]
		},
		"gui": {
			"translation": [0, -4.5, 0],
			"scale": [0.38, 0.38, 0.38]
		},
		"head": {
			"rotation": [0, -180, 0],
			"translation": [0, 6.5, 0]
		},
		"fixed": {
			"rotation": [0, -180, 0],
			"translation": [0, -28, -3],
			"scale": [4, 4, 4]
		}
	}
}