{
	"credit": "Made with Blockbench by Ozzy",
	"textures": {
		"0": "signs/s6",
		"3": "signs/s9",
		"4": "signs/s10",
		"5": "signs/s14",
		"6": "signs/routesign2"
	},
	"elements": [
		{
			"name": "hexadecagon",
			"from": [7.75136, -16, 6.75],
			"to": [8.24864, -4, 9.25],
			"rotation": {"angle": -45, "axis": "y", "origin": [8, -4, 8]},
			"faces": {
				"north": {"uv": [0, 0, 1, 1], "texture": "#0"},
				"east": {"uv": [0, 0, 1, 1], "texture": "#0"},
				"south": {"uv": [0, 0, 1, 1], "texture": "#0"},
				"west": {"uv": [0, 0, 1, 1], "texture": "#0"},
				"up": {"uv": [0, 0, 1, 1], "texture": "#0"},
				"down": {"uv": [0, 0, 1, 1], "texture": "#0"}
			}
		},
		{
			"name": "hexadecagon",
			"from": [7.75136, -16, 6.75],
			"to": [8.24864, -4, 9.25],
			"rotation": {"angle": -22.5, "axis": "y", "origin": [8, -4, 8]},
			"faces": {
				"north": {"uv": [0, 0, 1, 1], "texture": "#0"},
				"east": {"uv": [0, 0, 1, 1], "texture": "#0"},
				"south": {"uv": [0, 0, 1, 1], "texture": "#0"},
				"west": {"uv": [0, 0, 1, 1], "texture": "#0"},
				"up": {"uv": [0, 0, 1, 1], "texture": "#0"},
				"down": {"uv": [0, 0, 1, 1], "texture": "#0"}
			}
		},
		{
			"name": "hexadecagon",
			"from": [7.75136, -16, 6.75],
			"to": [8.24864, -4, 9.25],
			"rotation": {"angle": 0, "axis": "y", "origin": [8, -4, 8]},
			"faces": {
				"north": {"uv": [0, 0, 1, 1], "texture": "#0"},
				"east": {"uv": [0, 0, 1, 1], "texture": "#0"},
				"south": {"uv": [0, 0, 1, 1], "texture": "#0"},
				"west": {"uv": [0, 0, 1, 1], "texture": "#0"},
				"up": {"uv": [0, 0, 1, 1], "texture": "#0"},
				"down": {"uv": [0, 0, 1, 1], "texture": "#0"}
			}
		},
		{
			"name": "hexadecagon",
			"from": [7.75136, -16, 6.75],
			"to": [8.24864, -4, 9.25],
			"rotation": {"angle": 22.5, "axis": "y", "origin": [8, -4, 8]},
			"faces": {
				"north": {"uv": [0, 0, 1, 1], "texture": "#0"},
				"east": {"uv": [0, 0, 1, 1], "texture": "#0"},
				"south": {"uv": [0, 0, 1, 1], "texture": "#0"},
				"west": {"uv": [0, 0, 1, 1], "texture": "#0"},
				"up": {"uv": [0, 0, 1, 1], "texture": "#0"},
				"down": {"uv": [0, 0, 1, 1], "texture": "#0"}
			}
		},
		{
			"name": "hexadecagon",
			"from": [7.75136, -16, 6.75],
			"to": [8.24864, -4, 9.25],
			"rotation": {"angle": 45, "axis": "y", "origin": [8, -4, 8]},
			"faces": {
				"north": {"uv": [0, 0, 1, 1], "texture": "#0"},
				"east": {"uv": [0, 0, 1, 1], "texture": "#0"},
				"south": {"uv": [0, 0, 1, 1], "texture": "#0"},
				"west": {"uv": [0, 0, 1, 1], "texture": "#0"},
				"up": {"uv": [0, 0, 1, 1], "texture": "#0"},
				"down": {"uv": [0, 0, 1, 1], "texture": "#0"}
			}
		},
		{
			"name": "hexadecagon",
			"from": [6.75, -16, 7.75136],
			"to": [9.25, -4, 8.24864],
			"rotation": {"angle": -22.5, "axis": "y", "origin": [8, -4, 8]},
			"faces": {
				"north": {"uv": [0, 0, 1, 1], "texture": "#0"},
				"east": {"uv": [0, 0, 1, 1], "texture": "#0"},
				"south": {"uv": [0, 0, 1, 1], "texture": "#0"},
				"west": {"uv": [0, 0, 1, 1], "texture": "#0"},
				"up": {"uv": [0, 0, 1, 1], "texture": "#0"},
				"down": {"uv": [0, 0, 1, 1], "texture": "#0"}
			}
		},
		{
			"name": "hexadecagon",
			"from": [6.75, -16, 7.75136],
			"to": [9.25, -4, 8.24864],
			"rotation": {"angle": 0, "axis": "y", "origin": [8, -4, 8]},
			"faces": {
				"north": {"uv": [0, 0, 1, 1], "texture": "#0"},
				"east": {"uv": [0, 0, 1, 1], "texture": "#0"},
				"south": {"uv": [0, 0, 1, 1], "texture": "#0"},
				"west": {"uv": [0, 0, 1, 1], "texture": "#0"},
				"up": {"uv": [0, 0, 1, 1], "texture": "#0"},
				"down": {"uv": [0, 0, 1, 1], "texture": "#0"}
			}
		},
		{
			"name": "hexadecagon",
			"from": [6.75, -16, 7.75136],
			"to": [9.25, -4, 8.24864],
			"rotation": {"angle": 22.5, "axis": "y", "origin": [8, -4, 8]},
			"faces": {
				"north": {"uv": [0, 0, 1, 1], "texture": "#0"},
				"east": {"uv": [0, 0, 1, 1], "texture": "#0"},
				"south": {"uv": [0, 0, 1, 1], "texture": "#0"},
				"west": {"uv": [0, 0, 1, 1], "texture": "#0"},
				"up": {"uv": [0, 0, 1, 1], "texture": "#0"},
				"down": {"uv": [0, 0, 1, 1], "texture": "#0"}
			}
		},
		{
			"name": "hexadecagon",
			"from": [7.80109, -4.25, 7],
			"to": [8.19891, 14, 9],
			"rotation": {"angle": -45, "axis": "y", "origin": [8, -4, 8]},
			"faces": {
				"north": {"uv": [0, 0, 1, 1], "texture": "#4"},
				"east": {"uv": [0, 0, 1, 1], "texture": "#4"},
				"south": {"uv": [0, 0, 1, 1], "texture": "#4"},
				"west": {"uv": [0, 0, 1, 1], "texture": "#4"},
				"up": {"uv": [0, 0, 1, 1], "texture": "#4"},
				"down": {"uv": [0, 0, 1, 1], "texture": "#4"}
			}
		},
		{
			"name": "hexadecagon",
			"from": [7.80109, -4.25, 7],
			"to": [8.19891, 14, 9],
			"rotation": {"angle": -22.5, "axis": "y", "origin": [8, -4, 8]},
			"faces": {
				"north": {"uv": [0, 0, 1, 1], "texture": "#4"},
				"east": {"uv": [0, 0, 1, 1], "texture": "#4"},
				"south": {"uv": [0, 0, 1, 1], "texture": "#4"},
				"west": {"uv": [0, 0, 1, 1], "texture": "#4"},
				"up": {"uv": [0, 0, 1, 1], "texture": "#4"},
				"down": {"uv": [0, 0, 1, 1], "texture": "#4"}
			}
		},
		{
			"name": "hexadecagon",
			"from": [7.80109, -4.25, 7],
			"to": [8.19891, 14, 9],
			"rotation": {"angle": 0, "axis": "y", "origin": [8, -4, 8]},
			"faces": {
				"north": {"uv": [0, 0, 1, 1], "texture": "#4"},
				"east": {"uv": [0, 0, 1, 1], "texture": "#4"},
				"south": {"uv": [0, 0, 1, 1], "texture": "#4"},
				"west": {"uv": [0, 0, 1, 1], "texture": "#4"},
				"up": {"uv": [0, 0, 1, 1], "texture": "#4"},
				"down": {"uv": [0, 0, 1, 1], "texture": "#4"}
			}
		},
		{
			"name": "hexadecagon",
			"from": [7.80109, -4.25, 7],
			"to": [8.19891, 14, 9],
			"rotation": {"angle": 22.5, "axis": "y", "origin": [8, -4, 8]},
			"faces": {
				"north": {"uv": [0, 0, 1, 1], "texture": "#4"},
				"east": {"uv": [0, 0, 1, 1], "texture": "#4"},
				"south": {"uv": [0, 0, 1, 1], "texture": "#4"},
				"west": {"uv": [0, 0, 1, 1], "texture": "#4"},
				"up": {"uv": [0, 0, 1, 1], "texture": "#4"},
				"down": {"uv": [0, 0, 1, 1], "texture": "#4"}
			}
		},
		{
			"name": "hexadecagon",
			"from": [7.80109, -4.25, 7],
			"to": [8.19891, 14, 9],
			"rotation": {"angle": 45, "axis": "y", "origin": [8, -4, 8]},
			"faces": {
				"north": {"uv": [0, 0, 1, 1], "texture": "#4"},
				"east": {"uv": [0, 0, 1, 1], "texture": "#4"},
				"south": {"uv": [0, 0, 1, 1], "texture": "#4"},
				"west": {"uv": [0, 0, 1, 1], "texture": "#4"},
				"up": {"uv": [0, 0, 1, 1], "texture": "#4"},
				"down": {"uv": [0, 0, 1, 1], "texture": "#4"}
			}
		},
		{
			"name": "hexadecagon",
			"from": [7, -4.25, 7.80109],
			"to": [9, 14, 8.19891],
			"rotation": {"angle": -22.5, "axis": "y", "origin": [8, -4, 8]},
			"faces": {
				"north": {"uv": [0, 0, 1, 1], "texture": "#4"},
				"east": {"uv": [0, 0, 1, 1], "texture": "#4"},
				"south": {"uv": [0, 0, 1, 1], "texture": "#4"},
				"west": {"uv": [0, 0, 1, 1], "texture": "#4"},
				"up": {"uv": [0, 0, 1, 1], "texture": "#4"},
				"down": {"uv": [0, 0, 1, 1], "texture": "#4"}
			}
		},
		{
			"name": "hexadecagon",
			"from": [7, -4.25, 7.80109],
			"to": [9, 14, 8.19891],
			"rotation": {"angle": 0, "axis": "y", "origin": [8, -4, 8]},
			"faces": {
				"north": {"uv": [0, 0, 1, 1], "texture": "#4"},
				"east": {"uv": [0, 0, 1, 1], "texture": "#4"},
				"south": {"uv": [0, 0, 1, 1], "texture": "#4"},
				"west": {"uv": [0, 0, 1, 1], "texture": "#4"},
				"up": {"uv": [0, 0, 1, 1], "texture": "#4"},
				"down": {"uv": [0, 0, 1, 1], "texture": "#4"}
			}
		},
		{
			"name": "hexadecagon",
			"from": [7, -4.25, 7.80109],
			"to": [9, 14, 8.19891],
			"rotation": {"angle": 22.5, "axis": "y", "origin": [8, -4, 8]},
			"faces": {
				"north": {"uv": [0, 0, 1, 1], "texture": "#4"},
				"east": {"uv": [0, 0, 1, 1], "texture": "#4"},
				"south": {"uv": [0, 0, 1, 1], "texture": "#4"},
				"west": {"uv": [0, 0, 1, 1], "texture": "#4"},
				"up": {"uv": [0, 0, 1, 1], "texture": "#4"},
				"down": {"uv": [0, 0, 1, 1], "texture": "#4"}
			}
		},
		{
			"from": [6.7722, 15.02284, 6.5665],
			"to": [8.07272, 15.45634, 9.4335],
			"rotation": {"angle": 0, "axis": "y", "origin": [10.24024, 18.49087, 11.03453]},
			"faces": {
				"north": {"uv": [0, 0, 0.1875, 0.0625], "texture": "#5"},
				"east": {"uv": [0, 0, 0.125, 0.0625], "texture": "#5"},
				"south": {"uv": [0, 0, 0.1875, 0.0625], "texture": "#5"},
				"west": {"uv": [0, 0, 0.125, 0.0625], "texture": "#5"},
				"up": {"uv": [0, 0, 0.1875, 0.125], "texture": "#5"},
				"down": {"uv": [0, 0, 0.1875, 0.125], "texture": "#0"}
			}
		},
		{
			"from": [8.07272, 15.02284, 6.5665],
			"to": [9.37323, 15.45634, 9.4335],
			"rotation": {"angle": 0, "axis": "y", "origin": [12.40776, 18.49087, 11.03453]},
			"faces": {
				"north": {"uv": [0, 0, 0.1875, 0.0625], "texture": "#5"},
				"east": {"uv": [0, 0, 0.125, 0.0625], "texture": "#5"},
				"south": {"uv": [0, 0, 0.1875, 0.0625], "texture": "#5"},
				"west": {"uv": [0, 0, 0.125, 0.0625], "texture": "#5"},
				"up": {"uv": [0, 0, 0.1875, 0.125], "texture": "#5"},
				"down": {"uv": [0, 0, 0.1875, 0.125], "texture": "#0"}
			}
		},
		{
			"from": [6.90382, 12.38882, 6.5665],
			"to": [7.77083, 12.82232, 9.4335],
			"rotation": {"angle": 45, "axis": "z", "origin": [4.30279, 15.85685, 11.03453]},
			"faces": {
				"north": {"uv": [0.0625, 0, 0.1875, 0.0625], "texture": "#5"},
				"east": {"uv": [0.125, 0, 0.25, 0.0625], "texture": "#5"},
				"south": {"uv": [0.0625, 0, 0.1875, 0.0625], "texture": "#5"},
				"west": {"uv": [0.125, 0, 0.25, 0.0625], "texture": "#5"},
				"up": {"uv": [0.0625, 0, 0.1875, 0.125], "texture": "#5"},
				"down": {"uv": [0.0625, 0, 0.1875, 0.125], "texture": "#5"}
			}
		},
		{
			"from": [7.44305, 13.8652, 6.5665],
			"to": [8.31006, 14.2987, 9.4335],
			"rotation": {"angle": 22.5, "axis": "z", "origin": [4.84203, 17.33323, 9.73402]},
			"faces": {
				"north": {"uv": [0.0625, 0, 0.1875, 0.0625], "texture": "#5"},
				"east": {"uv": [0.125, 0, 0.25, 0.0625], "texture": "#5"},
				"south": {"uv": [0.0625, 0, 0.1875, 0.0625], "texture": "#5"},
				"west": {"uv": [0.125, 0, 0.25, 0.0625], "texture": "#5"},
				"up": {"uv": [0.0625, 0, 0.1875, 0.125], "texture": "#5"},
				"down": {"uv": [0.0625, 0, 0.1875, 0.125], "texture": "#5"}
			}
		},
		{
			"from": [8.06679, 15.02877, 6.5665],
			"to": [8.50029, 16.32928, 9.4335],
			"rotation": {"angle": 0, "axis": "y", "origin": [5.03226, 12.86125, 11.03453]},
			"faces": {
				"north": {"uv": [0, 0.0625, 0.1875, 0.125], "rotation": 270, "texture": "#5"},
				"east": {"uv": [0, 0.125, 0.1875, 0.25], "rotation": 90, "texture": "#5"},
				"south": {"uv": [0, 0.0625, 0.1875, 0.125], "rotation": 90, "texture": "#5"},
				"west": {"uv": [0, 0.125, 0.1875, 0.25], "rotation": 90, "texture": "#5"},
				"up": {"uv": [0, 0.0625, 0.125, 0.125], "rotation": 90, "texture": "#0"},
				"down": {"uv": [0, 0.0625, 0.125, 0.125], "rotation": 90, "texture": "#5"}
			}
		},
		{
			"from": [7.40412, 16.88752, 6.5665],
			"to": [7.83763, 17.75453, 9.4335],
			"rotation": {"angle": -22.5, "axis": "z", "origin": [4.3696, 14.2865, 11.03453]},
			"faces": {
				"north": {"uv": [0, 0.0625, 0.125, 0.125], "rotation": 270, "texture": "#5"},
				"east": {"uv": [0, 0.125, 0.125, 0.25], "rotation": 90, "texture": "#5"},
				"south": {"uv": [0, 0.0625, 0.125, 0.125], "rotation": 90, "texture": "#5"},
				"west": {"uv": [0, 0.125, 0.125, 0.25], "rotation": 90, "texture": "#5"},
				"up": {"uv": [0, 0.0625, 0.125, 0.125], "rotation": 90, "texture": "#5"},
				"down": {"uv": [0, 0.0625, 0.125, 0.125], "rotation": 90, "texture": "#5"}
			}
		},
		{
			"from": [7.64514, 15.02877, 6.5665],
			"to": [8.07864, 16.32928, 9.4335],
			"rotation": {"angle": 0, "axis": "y", "origin": [11.11317, 12.86125, 11.03453]},
			"faces": {
				"north": {"uv": [0, 0, 0.1875, 0.0625], "rotation": 270, "texture": "#5"},
				"east": {"uv": [0, 0, 0.1875, 0.125], "rotation": 90, "texture": "#5"},
				"south": {"uv": [0, 0, 0.1875, 0.0625], "rotation": 90, "texture": "#5"},
				"west": {"uv": [0, 0, 0.1875, 0.125], "rotation": 90, "texture": "#5"},
				"up": {"uv": [0, 0, 0.125, 0.0625], "rotation": 90, "texture": "#0"},
				"down": {"uv": [0, 0, 0.125, 0.0625], "rotation": 90, "texture": "#5"}
			}
		},
		{
			"from": [8.3078, 16.88752, 6.5665],
			"to": [8.74131, 17.75453, 9.4335],
			"rotation": {"angle": 22.5, "axis": "z", "origin": [11.77583, 14.2865, 11.03453]},
			"faces": {
				"north": {"uv": [0, 0, 0.125, 0.0625], "rotation": 270, "texture": "#5"},
				"east": {"uv": [0, 0, 0.125, 0.125], "rotation": 90, "texture": "#5"},
				"south": {"uv": [0, 0, 0.125, 0.0625], "rotation": 90, "texture": "#5"},
				"west": {"uv": [0, 0, 0.125, 0.125], "rotation": 90, "texture": "#5"},
				"up": {"uv": [0, 0, 0.125, 0.0625], "rotation": 90, "texture": "#5"},
				"down": {"uv": [0, 0, 0.125, 0.0625], "rotation": 90, "texture": "#5"}
			}
		},
		{
			"from": [7.83537, 13.8652, 6.5665],
			"to": [8.70238, 14.2987, 9.4335],
			"rotation": {"angle": -22.5, "axis": "z", "origin": [11.30341, 17.33323, 9.73402]},
			"faces": {
				"north": {"uv": [0, 0, 0.125, 0.0625], "texture": "#5"},
				"east": {"uv": [0, 0, 0.125, 0.0625], "texture": "#5"},
				"south": {"uv": [0, 0, 0.125, 0.0625], "texture": "#5"},
				"west": {"uv": [0, 0, 0.125, 0.0625], "texture": "#5"},
				"up": {"uv": [0, 0, 0.125, 0.125], "texture": "#5"},
				"down": {"uv": [0, 0, 0.125, 0.125], "texture": "#5"}
			}
		},
		{
			"from": [8.3746, 12.38882, 6.5665],
			"to": [9.24161, 12.82232, 9.4335],
			"rotation": {"angle": -45, "axis": "z", "origin": [11.84264, 15.85685, 11.03453]},
			"faces": {
				"north": {"uv": [0, 0, 0.125, 0.0625], "texture": "#5"},
				"east": {"uv": [0, 0, 0.125, 0.0625], "texture": "#5"},
				"south": {"uv": [0, 0, 0.125, 0.0625], "texture": "#5"},
				"west": {"uv": [0, 0, 0.125, 0.0625], "texture": "#5"},
				"up": {"uv": [0, 0, 0.125, 0.125], "texture": "#5"},
				"down": {"uv": [0, 0, 0.125, 0.125], "texture": "#5"}
			}
		},
		{
			"name": "hexadecagon",
			"from": [8.00853, 15.03957, 6.31073],
			"to": [8.14563, 15.72885, 9.68927],
			"rotation": {"angle": -45, "axis": "z", "origin": [8.07708, 15.38421, 8]},
			"faces": {
				"north": {"uv": [0, 0, 1, 1], "texture": "#0"},
				"east": {"uv": [0, 0, 1, 1], "texture": "#0"},
				"south": {"uv": [0, 0, 1, 1], "texture": "#0"},
				"west": {"uv": [0, 0, 1, 1], "texture": "#0"},
				"up": {"uv": [0, 0, 1, 1], "texture": "#0"},
				"down": {"uv": [0, 0, 1, 1], "texture": "#0"}
			}
		},
		{
			"name": "hexadecagon",
			"from": [8.00853, 15.03957, 6.31073],
			"to": [8.14563, 15.72885, 9.68927],
			"rotation": {"angle": -22.5, "axis": "z", "origin": [8.07708, 15.38421, 8]},
			"faces": {
				"north": {"uv": [0, 0, 1, 1], "texture": "#0"},
				"east": {"uv": [0, 0, 1, 1], "texture": "#0"},
				"south": {"uv": [0, 0, 1, 1], "texture": "#0"},
				"west": {"uv": [0, 0, 1, 1], "texture": "#0"},
				"up": {"uv": [0, 0, 1, 1], "texture": "#0"},
				"down": {"uv": [0, 0, 1, 1], "texture": "#0"}
			}
		},
		{
			"name": "hexadecagon",
			"from": [8.00853, 15.03957, 6.31073],
			"to": [8.14563, 15.72885, 9.68927],
			"rotation": {"angle": 0, "axis": "y", "origin": [8.07708, 15.38421, 8]},
			"faces": {
				"north": {"uv": [0, 0, 1, 1], "texture": "#0"},
				"east": {"uv": [0, 0, 1, 1], "texture": "#0"},
				"south": {"uv": [0, 0, 1, 1], "texture": "#0"},
				"west": {"uv": [0, 0, 1, 1], "texture": "#0"},
				"up": {"uv": [0, 0, 1, 1], "texture": "#0"},
				"down": {"uv": [0, 0, 1, 1], "texture": "#0"}
			}
		},
		{
			"name": "hexadecagon",
			"from": [8.00853, 15.03957, 6.31073],
			"to": [8.14563, 15.72885, 9.68927],
			"rotation": {"angle": 22.5, "axis": "z", "origin": [8.07708, 15.38421, 8]},
			"faces": {
				"north": {"uv": [0, 0, 1, 1], "texture": "#0"},
				"east": {"uv": [0, 0, 1, 1], "texture": "#0"},
				"south": {"uv": [0, 0, 1, 1], "texture": "#0"},
				"west": {"uv": [0, 0, 1, 1], "texture": "#0"},
				"up": {"uv": [0, 0, 1, 1], "texture": "#0"},
				"down": {"uv": [0, 0, 1, 1], "texture": "#0"}
			}
		},
		{
			"name": "hexadecagon",
			"from": [8.00853, 15.03957, 6.31073],
			"to": [8.14563, 15.72885, 9.68927],
			"rotation": {"angle": 45, "axis": "z", "origin": [8.07708, 15.38421, 8]},
			"faces": {
				"north": {"uv": [0, 0, 1, 1], "texture": "#0"},
				"east": {"uv": [0, 0, 1, 1], "texture": "#0"},
				"south": {"uv": [0, 0, 1, 1], "texture": "#0"},
				"west": {"uv": [0, 0, 1, 1], "texture": "#0"},
				"up": {"uv": [0, 0, 1, 1], "texture": "#0"},
				"down": {"uv": [0, 0, 1, 1], "texture": "#0"}
			}
		},
		{
			"name": "hexadecagon",
			"from": [7.73244, 15.31566, 6.31073],
			"to": [8.42171, 15.45276, 9.68927],
			"rotation": {"angle": -22.5, "axis": "z", "origin": [8.07708, 15.38421, 8]},
			"faces": {
				"north": {"uv": [0, 0, 1, 1], "texture": "#0"},
				"east": {"uv": [0, 0, 1, 1], "texture": "#0"},
				"south": {"uv": [0, 0, 1, 1], "texture": "#0"},
				"west": {"uv": [0, 0, 1, 1], "texture": "#0"},
				"up": {"uv": [0, 0, 1, 1], "texture": "#0"},
				"down": {"uv": [0, 0, 1, 1], "texture": "#0"}
			}
		},
		{
			"name": "hexadecagon",
			"from": [7.73244, 15.31566, 6.31073],
			"to": [8.42171, 15.45276, 9.68927],
			"rotation": {"angle": 0, "axis": "y", "origin": [8.07708, 15.38421, 8]},
			"faces": {
				"north": {"uv": [0, 0, 1, 1], "texture": "#0"},
				"east": {"uv": [0, 0, 1, 1], "texture": "#0"},
				"south": {"uv": [0, 0, 1, 1], "texture": "#0"},
				"west": {"uv": [0, 0, 1, 1], "texture": "#0"},
				"up": {"uv": [0, 0, 1, 1], "texture": "#0"},
				"down": {"uv": [0, 0, 1, 1], "texture": "#0"}
			}
		},
		{
			"name": "hexadecagon",
			"from": [7.73244, 15.31566, 6.31073],
			"to": [8.42171, 15.45276, 9.68927],
			"rotation": {"angle": 22.5, "axis": "z", "origin": [8.07708, 15.38421, 8]},
			"faces": {
				"north": {"uv": [0, 0, 1, 1], "texture": "#0"},
				"east": {"uv": [0, 0, 1, 1], "texture": "#0"},
				"south": {"uv": [0, 0, 1, 1], "texture": "#0"},
				"west": {"uv": [0, 0, 1, 1], "texture": "#0"},
				"up": {"uv": [0, 0, 1, 1], "texture": "#0"},
				"down": {"uv": [0, 0, 1, 1], "texture": "#0"}
			}
		},
		{
			"name": "hexadecagon",
			"from": [8.03138, 15.15445, 6.26478],
			"to": [8.12278, 15.61397, 9.73522],
			"rotation": {"angle": -45, "axis": "z", "origin": [8.07708, 15.38421, 8]},
			"faces": {
				"north": {"uv": [0, 0, 1, 1], "texture": "#3"},
				"east": {"uv": [0, 0, 1, 1], "texture": "#3"},
				"south": {"uv": [0, 0, 1, 1], "texture": "#3"},
				"west": {"uv": [0, 0, 1, 1], "texture": "#3"},
				"up": {"uv": [0, 0, 1, 1], "texture": "#3"},
				"down": {"uv": [0, 0, 1, 1], "texture": "#3"}
			}
		},
		{
			"name": "hexadecagon",
			"from": [8.03138, 15.15445, 6.26478],
			"to": [8.12278, 15.61397, 9.73522],
			"rotation": {"angle": -22.5, "axis": "z", "origin": [8.07708, 15.38421, 8]},
			"faces": {
				"north": {"uv": [0, 0, 1, 1], "texture": "#3"},
				"east": {"uv": [0, 0, 1, 1], "texture": "#3"},
				"south": {"uv": [0, 0, 1, 1], "texture": "#3"},
				"west": {"uv": [0, 0, 1, 1], "texture": "#3"},
				"up": {"uv": [0, 0, 1, 1], "texture": "#3"},
				"down": {"uv": [0, 0, 1, 1], "texture": "#3"}
			}
		},
		{
			"name": "hexadecagon",
			"from": [8.03138, 15.15445, 6.26478],
			"to": [8.12278, 15.61397, 9.73522],
			"rotation": {"angle": 0, "axis": "y", "origin": [8.07708, 15.38421, 8]},
			"faces": {
				"north": {"uv": [0, 0, 1, 1], "texture": "#3"},
				"east": {"uv": [0, 0, 1, 1], "texture": "#3"},
				"south": {"uv": [0, 0, 1, 1], "texture": "#3"},
				"west": {"uv": [0, 0, 1, 1], "texture": "#3"},
				"up": {"uv": [0, 0, 1, 1], "texture": "#3"},
				"down": {"uv": [0, 0, 1, 1], "texture": "#3"}
			}
		},
		{
			"name": "hexadecagon",
			"from": [8.03138, 15.15445, 6.26478],
			"to": [8.12278, 15.61397, 9.73522],
			"rotation": {"angle": 22.5, "axis": "z", "origin": [8.07708, 15.38421, 8]},
			"faces": {
				"north": {"uv": [0, 0, 1, 1], "texture": "#3"},
				"east": {"uv": [0, 0, 1, 1], "texture": "#3"},
				"south": {"uv": [0, 0, 1, 1], "texture": "#3"},
				"west": {"uv": [0, 0, 1, 1], "texture": "#3"},
				"up": {"uv": [0, 0, 1, 1], "texture": "#3"},
				"down": {"uv": [0, 0, 1, 1], "texture": "#3"}
			}
		},
		{
			"name": "hexadecagon",
			"from": [8.03138, 15.15445, 6.26478],
			"to": [8.12278, 15.61397, 9.73522],
			"rotation": {"angle": 45, "axis": "z", "origin": [8.07708, 15.38421, 8]},
			"faces": {
				"north": {"uv": [0, 0, 1, 1], "texture": "#3"},
				"east": {"uv": [0, 0, 1, 1], "texture": "#3"},
				"south": {"uv": [0, 0, 1, 1], "texture": "#3"},
				"west": {"uv": [0, 0, 1, 1], "texture": "#3"},
				"up": {"uv": [0, 0, 1, 1], "texture": "#3"},
				"down": {"uv": [0, 0, 1, 1], "texture": "#3"}
			}
		},
		{
			"name": "hexadecagon",
			"from": [7.84732, 15.33851, 6.26478],
			"to": [8.30684, 15.42991, 9.73522],
			"rotation": {"angle": -22.5, "axis": "z", "origin": [8.07708, 15.38421, 8]},
			"faces": {
				"north": {"uv": [0, 0, 1, 1], "texture": "#3"},
				"east": {"uv": [0, 0, 1, 1], "texture": "#3"},
				"south": {"uv": [0, 0, 1, 1], "texture": "#3"},
				"west": {"uv": [0, 0, 1, 1], "texture": "#3"},
				"up": {"uv": [0, 0, 1, 1], "texture": "#3"},
				"down": {"uv": [0, 0, 1, 1], "texture": "#3"}
			}
		},
		{
			"name": "hexadecagon",
			"from": [7.84732, 15.33851, 6.26478],
			"to": [8.30684, 15.42991, 9.73522],
			"rotation": {"angle": 0, "axis": "y", "origin": [8.07708, 15.38421, 8]},
			"faces": {
				"north": {"uv": [0, 0, 1, 1], "texture": "#3"},
				"east": {"uv": [0, 0, 1, 1], "texture": "#3"},
				"south": {"uv": [0, 0, 1, 1], "texture": "#3"},
				"west": {"uv": [0, 0, 1, 1], "texture": "#3"},
				"up": {"uv": [0, 0, 1, 1], "texture": "#3"},
				"down": {"uv": [0, 0, 1, 1], "texture": "#3"}
			}
		},
		{
			"name": "hexadecagon",
			"from": [7.84732, 15.33851, 6.26478],
			"to": [8.30684, 15.42991, 9.73522],
			"rotation": {"angle": 22.5, "axis": "z", "origin": [8.07708, 15.38421, 8]},
			"faces": {
				"north": {"uv": [0, 0, 1, 1], "texture": "#3"},
				"east": {"uv": [0, 0, 1, 1], "texture": "#3"},
				"south": {"uv": [0, 0, 1, 1], "texture": "#3"},
				"west": {"uv": [0, 0, 1, 1], "texture": "#3"},
				"up": {"uv": [0, 0, 1, 1], "texture": "#3"},
				"down": {"uv": [0, 0, 1, 1], "texture": "#3"}
			}
		},
		{
			"from": [7.55844, 16.24258, 6.4798],
			"to": [8.58151, 16.32928, 9.5202],
			"rotation": {"angle": 0, "axis": "y", "origin": [11.02647, 12.77454, 11.03453]},
			"faces": {
				"north": {"uv": [0, 0, 0.0125, 0.1475], "rotation": 270, "texture": "#0"},
				"east": {"uv": [0, 0, 0.0125, 0.15], "rotation": 90, "texture": "#0"},
				"south": {"uv": [0, 0, 0.0125, 0.1475], "rotation": 90, "texture": "#0"},
				"west": {"uv": [0, 0, 0.0125, 0.15], "rotation": 90, "texture": "#0"},
				"up": {"uv": [0, 0, 0.15, 0.1475], "rotation": 90, "texture": "#0"},
				"down": {"uv": [0, 0, 0.15, 0.1475], "rotation": 90, "texture": "#0"}
			}
		},
		{
			"from": [7.74207, 13.83202, 6.4798],
			"to": [7.82877, 14.26552, 9.5202],
			"rotation": {"angle": -22.5, "axis": "z", "origin": [11.29681, 17.30005, 11.03453]},
			"faces": {
				"north": {"uv": [0, 0, 0.0125, 0.0625], "texture": "#0"},
				"east": {"uv": [0, 0, 0.15, 0.0625], "texture": "#0"},
				"south": {"uv": [0, 0, 0.0125, 0.0625], "texture": "#0"},
				"west": {"uv": [0, 0, 0.15, 0.0625], "texture": "#0"},
				"up": {"uv": [0, 0, 0.0125, 0.15], "texture": "#0"},
				"down": {"uv": [0, 0, 0.0125, 0.15], "texture": "#0"}
			}
		},
		{
			"from": [8.26251, 12.32751, 6.4798],
			"to": [8.34921, 12.76101, 9.5202],
			"rotation": {"angle": -45, "axis": "z", "origin": [11.81724, 15.79554, 11.03453]},
			"faces": {
				"north": {"uv": [0, 0, 0.0125, 0.0625], "texture": "#0"},
				"east": {"uv": [0, 0, 0.15, 0.0625], "texture": "#0"},
				"south": {"uv": [0, 0, 0.0125, 0.0625], "texture": "#0"},
				"west": {"uv": [0, 0, 0.15, 0.0625], "texture": "#0"},
				"up": {"uv": [0, 0, 0.0125, 0.15], "texture": "#0"},
				"down": {"uv": [0, 0, 0.0125, 0.15], "texture": "#0"}
			}
		},
		{
			"from": [8.25428, 17.67443, 6.4798],
			"to": [8.68778, 17.76113, 9.5202],
			"rotation": {"angle": 22.5, "axis": "z", "origin": [11.72231, 14.2064, 11.03453]},
			"faces": {
				"north": {"uv": [0, 0, 0.0125, 0.0625], "rotation": 270, "texture": "#0"},
				"east": {"uv": [0, 0, 0.0125, 0.15], "rotation": 90, "texture": "#0"},
				"south": {"uv": [0, 0, 0.0125, 0.0625], "rotation": 90, "texture": "#0"},
				"west": {"uv": [0, 0, 0.0125, 0.15], "rotation": 90, "texture": "#0"},
				"up": {"uv": [0, 0, 0.15, 0.0625], "rotation": 90, "texture": "#0"},
				"down": {"uv": [0, 0, 0.15, 0.0625], "rotation": 90, "texture": "#0"}
			}
		},
		{
			"from": [8.31666, 13.83202, 6.4798],
			"to": [8.40336, 14.26552, 9.5202],
			"rotation": {"angle": 22.5, "axis": "z", "origin": [4.84862, 17.30005, 11.03453]},
			"faces": {
				"north": {"uv": [0.0125, 0, 0, 0.0625], "texture": "#0"},
				"east": {"uv": [0.15, 0, 0, 0.0625], "texture": "#0"},
				"south": {"uv": [0.0125, 0, 0, 0.0625], "texture": "#0"},
				"west": {"uv": [0.15, 0, 0, 0.0625], "texture": "#0"},
				"up": {"uv": [0.0125, 0, 0, 0.15], "texture": "#0"},
				"down": {"uv": [0.0125, 0, 0, 0.15], "texture": "#0"}
			}
		},
		{
			"from": [7.37323, 15.02284, 6.4798],
			"to": [9.45993, 15.22284, 9.5202],
			"rotation": {"angle": 0, "axis": "y", "origin": [5.9052, 18.49087, 11.03453]},
			"faces": {
				"north": {"uv": [0.0125, 0, 0, 0.0625], "texture": "#0"},
				"east": {"uv": [0.15, 0, 0, 0.0625], "texture": "#0"},
				"south": {"uv": [0.0125, 0, 0, 0.0625], "texture": "#0"},
				"west": {"uv": [0.15, 0, 0, 0.0625], "texture": "#0"},
				"up": {"uv": [0.0125, 0, 0, 0.15], "texture": "#0"},
				"down": {"uv": [0.0125, 0, 0, 0.15], "texture": "#0"}
			}
		},
		{
			"from": [6.6855, 15.02284, 6.4798],
			"to": [7.7722, 15.22284, 9.5202],
			"rotation": {"angle": 0, "axis": "y", "origin": [10.24024, 18.49087, 11.03453]},
			"faces": {
				"north": {"uv": [0, 0, 0.0125, 0.0625], "texture": "#0"},
				"east": {"uv": [0, 0, 0.15, 0.0625], "texture": "#0"},
				"south": {"uv": [0, 0, 0.0125, 0.0625], "texture": "#0"},
				"west": {"uv": [0, 0, 0.15, 0.0625], "texture": "#0"},
				"up": {"uv": [0, 0, 0.0125, 0.15], "texture": "#0"},
				"down": {"uv": [0, 0, 0.0125, 0.15], "texture": "#0"}
			}
		},
		{
			"from": [6.6855, 15.02284, 6.4798],
			"to": [6.7722, 15.45634, 9.5202],
			"rotation": {"angle": 0, "axis": "y", "origin": [10.24024, 18.49087, 11.03453]},
			"faces": {
				"north": {"uv": [0, 0, 0.0125, 0.0625], "texture": "#0"},
				"east": {"uv": [0, 0, 0.15, 0.0625], "texture": "#0"},
				"south": {"uv": [0, 0, 0.0125, 0.0625], "texture": "#0"},
				"west": {"uv": [0, 0, 0.15, 0.0625], "texture": "#0"},
				"up": {"uv": [0, 0, 0.0125, 0.15], "texture": "#0"},
				"down": {"uv": [0, 0, 0.0125, 0.15], "texture": "#0"}
			}
		},
		{
			"from": [9.378, 15.02284, 6.4798],
			"to": [9.4647, 15.45634, 9.5202],
			"rotation": {"angle": 0, "axis": "y", "origin": [10.24024, 18.49087, 11.03453]},
			"faces": {
				"north": {"uv": [0, 0, 0.0125, 0.0625], "texture": "#0"},
				"east": {"uv": [0, 0, 0.15, 0.0625], "texture": "#0"},
				"south": {"uv": [0, 0, 0.0125, 0.0625], "texture": "#0"},
				"west": {"uv": [0, 0, 0.15, 0.0625], "texture": "#0"},
				"up": {"uv": [0, 0, 0.0125, 0.15], "texture": "#0"},
				"down": {"uv": [0, 0, 0.0125, 0.15], "texture": "#0"}
			}
		},
		{
			"from": [7.79622, 12.32751, 6.4798],
			"to": [7.88292, 12.76101, 9.5202],
			"rotation": {"angle": 45, "axis": "z", "origin": [4.32819, 15.79554, 11.03453]},
			"faces": {
				"north": {"uv": [0.0125, 0, 0, 0.0625], "texture": "#0"},
				"east": {"uv": [0.15, 0, 0, 0.0625], "texture": "#0"},
				"south": {"uv": [0.0125, 0, 0, 0.0625], "texture": "#0"},
				"west": {"uv": [0.15, 0, 0, 0.0625], "texture": "#0"},
				"up": {"uv": [0.0125, 0, 0, 0.15], "texture": "#0"},
				"down": {"uv": [0.0125, 0, 0, 0.15], "texture": "#0"}
			}
		},
		{
			"from": [7.45765, 17.67443, 6.4798],
			"to": [7.89115, 17.76113, 9.5202],
			"rotation": {"angle": -22.5, "axis": "z", "origin": [4.42312, 14.2064, 11.03453]},
			"faces": {
				"north": {"uv": [0, 0.0625, 0.0125, 0], "rotation": 270, "texture": "#0"},
				"east": {"uv": [0, 0.15, 0.0125, 0], "rotation": 90, "texture": "#0"},
				"south": {"uv": [0, 0.0625, 0.0125, 0], "rotation": 90, "texture": "#0"},
				"west": {"uv": [0, 0.15, 0.0125, 0], "rotation": 90, "texture": "#0"},
				"up": {"uv": [0, 0.0625, 0.15, 0], "rotation": 90, "texture": "#0"},
				"down": {"uv": [0, 0.0625, 0.15, 0], "rotation": 90, "texture": "#0"}
			}
		},
		{
			"from": [13.5179, 12.84715, 6.8],
			"to": [14.9179, 13.84715, 9.2],
			"rotation": {"angle": 22.5, "axis": "z", "origin": [10.7179, 7.34715, 8]},
			"faces": {
				"north": {"uv": [0, 0, 0.0875, 0.09562], "texture": "#0"},
				"east": {"uv": [0, 0, 0.15, 0.09562], "texture": "#0"},
				"south": {"uv": [0, 0, 0.0875, 0.09562], "texture": "#0"},
				"west": {"uv": [0, 0, 0.15, 0.09562], "texture": "#0"},
				"up": {"uv": [0, 0, 0.0875, 0.15], "texture": "#0"},
				"down": {"uv": [0, 0, 0.0875, 0.15], "texture": "#0"}
			}
		},
		{
			"from": [1.0821, 12.84715, 6.8],
			"to": [2.4821, 13.84715, 9.2],
			"rotation": {"angle": -22.5, "axis": "z", "origin": [5.2821, 7.34715, 8]},
			"faces": {
				"north": {"uv": [0, 0, 0.0875, 0.09562], "texture": "#0"},
				"east": {"uv": [0, 0, 0.15, 0.09562], "texture": "#0"},
				"south": {"uv": [0, 0, 0.0875, 0.09562], "texture": "#0"},
				"west": {"uv": [0, 0, 0.15, 0.09562], "texture": "#0"},
				"up": {"uv": [0, 0, 0.0875, 0.15], "texture": "#0"},
				"down": {"uv": [0, 0, 0.0875, 0.15], "texture": "#0"}
			}
		},
		{
			"from": [17.78841, 12.25256, 6.8],
			"to": [19.18841, 13.25256, 9.2],
			"rotation": {"angle": 45, "axis": "z", "origin": [12.98841, 6.75256, 8]},
			"faces": {
				"north": {"uv": [0, 0, 0.0875, 0.09562], "texture": "#0"},
				"east": {"uv": [0, 0, 0.15, 0.09562], "texture": "#0"},
				"south": {"uv": [0, 0, 0.0875, 0.09562], "texture": "#0"},
				"west": {"uv": [0, 0, 0.15, 0.09562], "texture": "#0"},
				"up": {"uv": [0, 0, 0.0875, 0.15], "texture": "#0"},
				"down": {"uv": [0, 0, 0.0875, 0.15], "texture": "#0"}
			}
		},
		{
			"from": [-3.18841, 12.25256, 6.8],
			"to": [-1.78841, 13.25256, 9.2],
			"rotation": {"angle": -45, "axis": "z", "origin": [3.01159, 6.75256, 8]},
			"faces": {
				"north": {"uv": [0.0875, 0, 0.175, 0.09562], "texture": "#0"},
				"east": {"uv": [0.15, 0, 0.3, 0.09562], "texture": "#0"},
				"south": {"uv": [0.0875, 0, 0.175, 0.09562], "texture": "#0"},
				"west": {"uv": [0.15, 0, 0.3, 0.09562], "texture": "#0"},
				"up": {"uv": [0.0875, 0, 0.175, 0.15], "texture": "#0"},
				"down": {"uv": [0.0875, 0, 0.175, 0.15], "texture": "#0"}
			}
		},
		{
			"from": [2.51662, 15.02571, 6.8],
			"to": [3.31662, 16.02571, 9.2],
			"rotation": {"angle": 0, "axis": "y", "origin": [10.51662, 23.02571, 14.8]},
			"faces": {
				"north": {"uv": [0, 0, 0.1125, 0.09563], "texture": "#0"},
				"east": {"uv": [0, 0, 0.15, 0.09563], "texture": "#0"},
				"south": {"uv": [0, 0, 0.1125, 0.09563], "texture": "#0"},
				"west": {"uv": [0, 0, 0.15, 0.09563], "texture": "#0"},
				"up": {"uv": [0, 0, 0.1125, 0.15], "texture": "#0"},
				"down": {"uv": [0, 0, 0.1125, 0.15], "texture": "#0"}
			}
		},
		{
			"from": [12.68338, 15.02571, 6.8],
			"to": [13.48338, 16.02571, 9.2],
			"rotation": {"angle": 0, "axis": "y", "origin": [5.48338, 23.02571, 14.8]},
			"faces": {
				"north": {"uv": [0.05, 0, 0.1625, 0.09563], "texture": "#0"},
				"east": {"uv": [0.15, 0, 0.3, 0.09563], "texture": "#0"},
				"south": {"uv": [0.05, 0, 0.1625, 0.09563], "texture": "#0"},
				"west": {"uv": [0.15, 0, 0.3, 0.09563], "texture": "#0"},
				"up": {"uv": [0.05, 0, 0.1625, 0.15], "texture": "#0"},
				"down": {"uv": [0.05, 0, 0.1625, 0.15], "texture": "#0"}
			}
		},
		{
			"from": [4.8, 13.5, 6.8],
			"to": [11.2, 14.5, 9.2],
			"faces": {
				"north": {"uv": [0, 0, 0.4, 0.09562], "texture": "#0"},
				"east": {"uv": [0, 0, 0.15, 0.09562], "texture": "#0"},
				"south": {"uv": [0, 0, 0.4, 0.09562], "texture": "#0"},
				"west": {"uv": [0, 0, 0.15, 0.09562], "texture": "#0"},
				"up": {"uv": [0, 0, 0.4, 0.15], "texture": "#0"},
				"down": {"uv": [0, 0, 0.4, 0.15], "texture": "#0"}
			}
		},
		{
			"from": [5.6855, 14.5, 6.4798],
			"to": [7.7722, 15.03, 9.5202],
			"rotation": {"angle": 0, "axis": "y", "origin": [10.24024, 17.49087, 11.03453]},
			"faces": {
				"north": {"uv": [0, 0, 0.0125, 0.0625], "texture": "#3"},
				"east": {"uv": [0, 0, 0.15, 0.0625], "texture": "#3"},
				"south": {"uv": [0, 0, 0.0125, 0.0625], "texture": "#3"},
				"west": {"uv": [0, 0, 0.15, 0.0625], "texture": "#3"},
				"up": {"uv": [0, 0, 0.0125, 0.15], "texture": "#3"},
				"down": {"uv": [0, 0, 0.0125, 0.15], "texture": "#3"}
			}
		},
		{
			"from": [7.37323, 14.5, 6.4798],
			"to": [10.45993, 15.03, 9.5202],
			"rotation": {"angle": 0, "axis": "y", "origin": [5.9052, 17.49087, 11.03453]},
			"faces": {
				"north": {"uv": [0.0125, 0, 0, 0.0625], "texture": "#3"},
				"east": {"uv": [0.15, 0, 0, 0.0625], "texture": "#3"},
				"south": {"uv": [0.0125, 0, 0, 0.0625], "texture": "#3"},
				"west": {"uv": [0.15, 0, 0, 0.0625], "texture": "#3"},
				"up": {"uv": [0.0125, 0, 0, 0.15], "texture": "#3"},
				"down": {"uv": [0.0125, 0, 0, 0.15], "texture": "#3"}
			}
		},
		{
			"name": "Sign",
			"from": [3.9, 16.5, 7.95],
			"to": [11.9867, 25.03, 7.95],
			"rotation": {"angle": 0, "axis": "y", "origin": [5.9052, 17.49087, 11.03453]},
			"faces": {
				"south": {"uv": [0.013, 0, 15.999, 16], "texture": "#6"}
			}
		},
		{
			"name": "Sign",
			"from": [3.9, 16.5, 7.9],
			"to": [11.9867, 25.03, 7.9],
			"rotation": {"angle": 0, "axis": "y", "origin": [5.9052, 17.49087, 11.03453]},
			"faces": {
				"north": {"uv": [0.012, 0, 16, 16], "texture": "#6"}
			}
		}
	],
	"display": {
		"thirdperson_righthand": {
			"rotation": [0, 90, 0],
			"translation": [0, 13, 0]
		},
		"thirdperson_lefthand": {
			"rotation": [0, 90, 0],
			"translation": [0, 16.5, 0]
		},
		"firstperson_righthand": {
			"rotation": [-8, -34, 0]
		},
		"firstperson_lefthand": {
			"rotation": [-8, -34, 0]
		},
		"ground": {
			"rotation": [90, 0, 0],
			"translation": [0, -2.25, 1],
			"scale": [0.2, 0.2, 0.2]
		},
		"gui": {
			"rotation": [0, -31, -25],
			"translation": [0.5, 1, 0],
			"scale": [0.35, 0.35, 0.35]
		},
		"head": {
			"rotation": [0, 180, 0],
			"translation": [0, 14, 0],
			"scale": [2.5, 2.5, 2.5]
		},
		"fixed": {
			"rotation": [0, 0, 43],
			"translation": [-1.75, 1.75, 0],
			"scale": [0.5, 0.5, 0.5]
		}
	},
	"groups": [
		{
			"name": "Pole1",
			"origin": [8, 8, 8],
			"children": [0, 1, 2, 3, 4, 5, 6, 7]
		},
		{
			"name": "Pole2",
			"origin": [8, 8, 8],
			"children": [8, 9, 10, 11, 12, 13, 14, 15]
		},
		{
			"name": "Pokeball",
			"origin": [8, 8, 8],
			"children": [16, 17, 18, 19, 20, 21, 22, 23, 24, 25,
				{
					"name": "Button",
					"origin": [8, 8, 8],
					"children": [26, 27, 28, 29, 30, 31, 32, 33]
				},
				{
					"name": "Button 2",
					"origin": [8, 8, 8],
					"children": [34, 35, 36, 37, 38, 39, 40, 41]
				},
				{
					"name": "PokeballOutline",
					"origin": [-0.41883, 12.11664, 15],
					"children": [42, 43, 44, 45, 46, 47, 48, 49, 50, 51, 52]
				}
			]
		},
		{
			"name": "Arm thingys",
			"origin": [5.48338, 23.02571, 14.8],
			"children": [53, 54, 55, 56, 57, 58, 59, 60, 61]
		}, 62, 63]
}