{
	"credit": "Made with Blockbench",
	"textures": {
		"0": "signs/s6",
		"3": "signs/s9",
		"4": "signs/s10",
		"5": "signs/s11",
		"6": "signs/s12"
	},
	"elements": [
		{
			"from": [5.38685, -0.0552, 2],
			"to": [10.38685, 3.9448, 14],
			"rotation": {"angle": -22.5, "axis": "z", "origin": [15.38685, 6.9448, 8]},
			"faces": {
				"north": {"uv": [0, 0, 0.625, 0.5], "texture": "#4"},
				"east": {"uv": [0, 0, 1.5, 0.5], "texture": "#4"},
				"south": {"uv": [0, 0, 0.625, 0.5], "texture": "#4"},
				"west": {"uv": [0, 0, 1.5, 0.5], "texture": "#4"},
				"up": {"uv": [0, 0, 0.625, 1.5], "texture": "#4"},
				"down": {"uv": [0, 0, 0.625, 1.5], "texture": "#4"}
			}
		},
		{
			"from": [6, 4, 13],
			"to": [9, 20, 14],
			"rotation": {"angle": 0, "axis": "y", "origin": [8, 11, 8]},
			"faces": {
				"north": {"uv": [0, 0, 3, 16], "texture": "#4"},
				"east": {"uv": [0, 0, 1, 16], "texture": "#4"},
				"south": {"uv": [0, 0, 3, 16], "texture": "#4"},
				"west": {"uv": [0, 0, 1, 16], "texture": "#4"},
				"up": {"uv": [0, 0, 3, 1], "texture": "#4"},
				"down": {"uv": [0, 0, 3, 1], "texture": "#4"}
			}
		},
		{
			"from": [3.47135, 5.68506, 2],
			"to": [8.47135, 9.68506, 14],
			"rotation": {"angle": 22.5, "axis": "z", "origin": [13.47135, 12.68506, 8]},
			"faces": {
				"north": {"uv": [0, 0, 0.625, 0.5], "texture": "#4"},
				"east": {"uv": [0, 0, 1.5, 0.5], "texture": "#4"},
				"south": {"uv": [0, 0, 0.625, 0.5], "texture": "#4"},
				"west": {"uv": [0, 0, 1.5, 0.5], "texture": "#4"},
				"up": {"uv": [0, 0, 0.625, 1.5], "texture": "#4"},
				"down": {"uv": [0, 0, 0.625, 1.5], "texture": "#4"}
			}
		},
		{
			"from": [5, 1, 3],
			"to": [10, 8, 13],
			"rotation": {"angle": 0, "axis": "y", "origin": [8, 11, 8]},
			"faces": {
				"north": {"uv": [0, 0, 0.625, 0.875], "texture": "#3"},
				"east": {"uv": [0, 0, 1.25, 0.875], "texture": "#3"},
				"south": {"uv": [0, 0, 0.625, 0.875], "texture": "#3"},
				"west": {"uv": [0, 0, 1.25, 0.875], "texture": "#3"},
				"up": {"uv": [0, 0, 0.625, 1.25], "texture": "#3"},
				"down": {"uv": [0, 0, 0.625, 1.25], "texture": "#3"}
			}
		},
		{
			"from": [6, 8, 12],
			"to": [9, 20, 13],
			"rotation": {"angle": 0, "axis": "y", "origin": [8, 11, 8]},
			"faces": {
				"north": {"uv": [0, 0, 3, 12], "texture": "#3"},
				"east": {"uv": [0, 0, 1, 12], "texture": "#3"},
				"south": {"uv": [0, 0, 3, 12], "texture": "#3"},
				"west": {"uv": [0, 0, 1, 12], "texture": "#3"},
				"up": {"uv": [0, 0, 3, 1], "texture": "#3"},
				"down": {"uv": [0, 0, 3, 1], "texture": "#3"}
			}
		},
		{
			"from": [6, 8, 3],
			"to": [9, 20, 4],
			"rotation": {"angle": 0, "axis": "y", "origin": [8, 11, 8]},
			"faces": {
				"north": {"uv": [0, 0, 3, 12], "texture": "#3"},
				"east": {"uv": [0, 0, 1, 12], "texture": "#3"},
				"south": {"uv": [0, 0, 3, 12], "texture": "#3"},
				"west": {"uv": [0, 0, 1, 12], "texture": "#3"},
				"up": {"uv": [0, 0, 3, 1], "texture": "#3"},
				"down": {"uv": [0, 0, 3, 1], "texture": "#3"}
			}
		},
		{
			"from": [6, 20, 1],
			"to": [9, 21, 15],
			"rotation": {"angle": 0, "axis": "y", "origin": [8, 11, 8]},
			"faces": {
				"north": {"uv": [0, 0, 3, 1], "texture": "#4"},
				"east": {"uv": [0, 0, 14, 1], "texture": "#4"},
				"south": {"uv": [0, 0, 3, 1], "texture": "#4"},
				"west": {"uv": [0, 0, 14, 1], "texture": "#4"},
				"up": {"uv": [0, 0, 3, 14], "texture": "#4"},
				"down": {"uv": [0, 0, 3, 14], "texture": "#4"}
			}
		},
		{
			"from": [7, 8, 4],
			"to": [8, 20, 12],
			"rotation": {"angle": 0, "axis": "y", "origin": [8, 11, 8]},
			"faces": {
				"east": {"uv": [0, 0, 16, 16], "texture": "#5"},
				"west": {"uv": [0, 0, 16, 16], "texture": "#5"}
			}
		},
		{
			"from": [5, 1, 2],
			"to": [10, 5, 3],
			"rotation": {"angle": 0, "axis": "y", "origin": [8, 11, 8]},
			"faces": {
				"north": {"uv": [0, 0, 0.625, 0.5], "texture": "#4"},
				"east": {"uv": [0, 0, 0.125, 0.5], "texture": "#4"},
				"south": {"uv": [0, 0, 0.625, 0.5], "texture": "#4"},
				"west": {"uv": [0, 0, 0.125, 0.5], "texture": "#4"},
				"up": {"uv": [0, 0, 0.625, 0.125], "texture": "#4"},
				"down": {"uv": [0, 0, 0.625, 0.125], "texture": "#4"}
			}
		},
		{
			"from": [5, 1, 13],
			"to": [10, 5, 14],
			"rotation": {"angle": 0, "axis": "y", "origin": [8, 11, 8]},
			"faces": {
				"north": {"uv": [0, 0, 0.625, 0.5], "texture": "#4"},
				"east": {"uv": [0, 0, 0.125, 0.5], "texture": "#4"},
				"south": {"uv": [0, 0, 0.625, 0.5], "texture": "#4"},
				"west": {"uv": [0, 0, 0.125, 0.5], "texture": "#4"},
				"up": {"uv": [0, 0, 0.625, 0.125], "texture": "#4"},
				"down": {"uv": [0, 0, 0.625, 0.125], "texture": "#4"}
			}
		},
		{
			"from": [6, 0, 3],
			"to": [9, 1, 6],
			"rotation": {"angle": 0, "axis": "y", "origin": [8, 11, 8]},
			"faces": {
				"north": {"uv": [0, 0, 0.375, 0.125], "texture": "#0"},
				"east": {"uv": [0, 0, 0.375, 0.125], "texture": "#0"},
				"south": {"uv": [0, 0, 0.375, 0.125], "texture": "#0"},
				"west": {"uv": [0, 0, 0.375, 0.125], "texture": "#0"},
				"up": {"uv": [0, 0, 0.375, 0.375], "texture": "#0"},
				"down": {"uv": [0, 0, 0.375, 0.375], "texture": "#0"}
			}
		},
		{
			"from": [6, 0, 10],
			"to": [9, 1, 13],
			"rotation": {"angle": 0, "axis": "y", "origin": [8, 11, 8]},
			"faces": {
				"north": {"uv": [0, 0, 0.375, 0.125], "texture": "#0"},
				"east": {"uv": [0, 0, 0.375, 0.125], "texture": "#0"},
				"south": {"uv": [0, 0, 0.375, 0.125], "texture": "#0"},
				"west": {"uv": [0, 0, 0.375, 0.125], "texture": "#0"},
				"up": {"uv": [0, 0, 0.375, 0.375], "texture": "#0"},
				"down": {"uv": [0, 0, 0.375, 0.375], "texture": "#0"}
			}
		},
		{
			"from": [7, 15, 14],
			"to": [8, 19, 15],
			"rotation": {"angle": 0, "axis": "y", "origin": [8, 11, 9]},
			"faces": {
				"north": {"uv": [0, 0, 1, 4], "texture": "#6"},
				"east": {"uv": [0, 0, 1, 4], "texture": "#6"},
				"south": {"uv": [0, 0, 1, 4], "texture": "#6"},
				"west": {"uv": [0, 0, 1, 4], "texture": "#6"},
				"up": {"uv": [0, 0, 1, 1], "texture": "#6"},
				"down": {"uv": [0, 0, 1, 1], "texture": "#6"}
			}
		},
		{
			"from": [7, 15, 1],
			"to": [8, 19, 2],
			"rotation": {"angle": 0, "axis": "y", "origin": [8, 11, 7]},
			"faces": {
				"north": {"uv": [0, 0, 1, 4], "texture": "#6"},
				"east": {"uv": [0, 0, 1, 4], "texture": "#6"},
				"south": {"uv": [0, 0, 1, 4], "texture": "#6"},
				"west": {"uv": [0, 0, 1, 4], "texture": "#6"},
				"up": {"uv": [0, 0, 1, 1], "texture": "#6"},
				"down": {"uv": [0, 0, 1, 1], "texture": "#6"}
			}
		},
		{
			"from": [6, 21, 3],
			"to": [9, 22, 13],
			"rotation": {"angle": 0, "axis": "y", "origin": [8, 11, 8]},
			"faces": {
				"north": {"uv": [0, 0, 0.375, 0.125], "texture": "#3"},
				"east": {"uv": [0, 0, 1.25, 0.125], "texture": "#3"},
				"south": {"uv": [0, 0, 0.375, 0.125], "texture": "#3"},
				"west": {"uv": [0, 0, 1.25, 0.125], "texture": "#3"},
				"up": {"uv": [0, 0, 0.375, 1.25], "texture": "#3"},
				"down": {"uv": [0, 0, 0.375, 1.25], "texture": "#3"}
			}
		},
		{
			"from": [7, 21, 2],
			"to": [8, 22, 3],
			"rotation": {"angle": 0, "axis": "y", "origin": [8, 11, 8]},
			"faces": {
				"north": {"uv": [0, 0, 0.125, 0.125], "texture": "#3"},
				"east": {"uv": [0, 0, 0.125, 0.125], "texture": "#3"},
				"south": {"uv": [0, 0, 0.125, 0.125], "texture": "#3"},
				"west": {"uv": [0, 0, 0.125, 0.125], "texture": "#3"},
				"up": {"uv": [0, 0, 0.125, 0.125], "texture": "#3"},
				"down": {"uv": [0, 0, 0.125, 0.125], "texture": "#3"}
			}
		},
		{
			"from": [7, 21, 13],
			"to": [8, 22, 14],
			"rotation": {"angle": 0, "axis": "y", "origin": [8, 11, 8]},
			"faces": {
				"north": {"uv": [0, 0, 0.125, 0.125], "texture": "#3"},
				"east": {"uv": [0, 0, 0.125, 0.125], "texture": "#3"},
				"south": {"uv": [0, 0, 0.125, 0.125], "texture": "#3"},
				"west": {"uv": [0, 0, 0.125, 0.125], "texture": "#3"},
				"up": {"uv": [0, 0, 0.125, 0.125], "texture": "#3"},
				"down": {"uv": [0, 0, 0.125, 0.125], "texture": "#3"}
			}
		},
		{
			"from": [7, 12, 1.5],
			"to": [8, 14, 2],
			"rotation": {"angle": 0, "axis": "y", "origin": [8, 8, 7]},
			"faces": {
				"north": {"uv": [0, 0, 1, 2], "texture": "#0"},
				"east": {"uv": [0, 0, 0.5, 2], "texture": "#0"},
				"south": {"uv": [0, 0, 1, 2], "texture": "#0"},
				"west": {"uv": [0, 0, 0.5, 2], "texture": "#0"},
				"up": {"uv": [0, 0, 1, 0.5], "texture": "#0"},
				"down": {"uv": [0, 0, 1, 0.5], "texture": "#0"}
			}
		},
		{
			"from": [6, 14, 1.5],
			"to": [9, 20, 2],
			"rotation": {"angle": 0, "axis": "y", "origin": [8, 8, 7]},
			"faces": {
				"north": {"uv": [0, 0, 3, 6], "texture": "#0"},
				"east": {"uv": [0, 0, 0.5, 6], "texture": "#0"},
				"south": {"uv": [0, 0, 3, 6], "texture": "#0"},
				"west": {"uv": [0, 0, 0.5, 6], "texture": "#0"},
				"up": {"uv": [0, 0, 3, 0.5], "texture": "#0"},
				"down": {"uv": [0, 0, 3, 0.5], "texture": "#0"}
			}
		},
		{
			"from": [6, 14, 14],
			"to": [9, 20, 14.5],
			"rotation": {"angle": 0, "axis": "y", "origin": [8, 8, 9]},
			"faces": {
				"north": {"uv": [0, 0, 3, 6], "texture": "#0"},
				"east": {"uv": [0, 0, 0.5, 6], "texture": "#0"},
				"south": {"uv": [0, 0, 3, 6], "texture": "#0"},
				"west": {"uv": [0, 0, 0.5, 6], "texture": "#0"},
				"up": {"uv": [0, 0, 3, 0.5], "texture": "#0"},
				"down": {"uv": [0, 0, 3, 0.5], "texture": "#0"}
			}
		},
		{
			"from": [7, 12, 14],
			"to": [8, 14, 14.5],
			"rotation": {"angle": 0, "axis": "y", "origin": [8, 8, 9]},
			"faces": {
				"north": {"uv": [0, 0, 1, 2], "texture": "#0"},
				"east": {"uv": [0, 0, 0.5, 2], "texture": "#0"},
				"south": {"uv": [0, 0, 1, 2], "texture": "#0"},
				"west": {"uv": [0, 0, 0.5, 2], "texture": "#0"},
				"up": {"uv": [0, 0, 1, 0.5], "texture": "#0"},
				"down": {"uv": [0, 0, 1, 0.5], "texture": "#0"}
			}
		},
		{
			"from": [6, 6, 2],
			"to": [9, 20, 3],
			"rotation": {"angle": 0, "axis": "y", "origin": [8, 11, 8]},
			"faces": {
				"north": {"uv": [0, 0, 3, 14], "texture": "#4"},
				"east": {"uv": [0, 0, 1, 14], "texture": "#4"},
				"south": {"uv": [0, 0, 3, 14], "texture": "#4"},
				"west": {"uv": [0, 0, 1, 14], "texture": "#4"},
				"up": {"uv": [0, 0, 3, 1], "texture": "#4"},
				"down": {"uv": [0, 0, 3, 1], "texture": "#4"}
			}
		}
	],
	"display": {
		"thirdperson_righthand": {
			"translation": [0.25, 1.5, 0],
			"scale": [0.5, 0.5, 0.5]
		},
		"thirdperson_lefthand": {
			"translation": [-0.25, 1.5, 0],
			"scale": [0.5, 0.5, 0.5]
		},
		"firstperson_righthand": {
			"rotation": [0, 29, 0]
		},
		"ground": {
			"translation": [0, 2, 0],
			"scale": [0.5, 0.5, 0.5]
		},
		"gui": {
			"rotation": [0, 53, 0],
			"translation": [0, -2, 0],
			"scale": [0.7, 0.7, 0.7]
		},
		"head": {
			"rotation": [0, 90, 0],
			"translation": [0, -29, 0],
			"scale": [2, 2, 2]
		},
		"fixed": {
			"scale": [0, 0, 0]
		}
	}
}