{
	"credit": "Made with Blockbench by Ozzy",
	"textures": {
		"0": "signs/s6",
		"3": "signs/s9",
		"4": "signs/s10",
		"5": "signs/s11",
		"6": "signs/s12"
	},
	"elements": [
		{
			"name": "Screen",
			"from": [6, 6, 1],
			"to": [9, 17, 15],
			"faces": {
				"north": {"uv": [0, 0, 0.375, 1.375], "texture": "#6"},
				"east": {"uv": [0, 1.125, 16, 14.625], "texture": "#5"},
				"south": {"uv": [0, 0, 0.375, 1.375], "texture": "#6"},
				"west": {"uv": [0, 1.125, 16, 14.625], "texture": "#5"},
				"up": {"uv": [0, 0, 0.375, 1.75], "texture": "#6"},
				"down": {"uv": [0, 0, 0.375, 1.75], "texture": "#6"}
			}
		},
		{
			"from": [5, 5, 0],
			"to": [10, 6, 16],
			"faces": {
				"north": {"uv": [0, 0, 0.625, 0.125], "texture": "#4"},
				"east": {"uv": [0, 0, 2, 0.125], "texture": "#4"},
				"south": {"uv": [0, 0, 0.625, 0.125], "texture": "#4"},
				"west": {"uv": [0, 0, 2, 0.125], "texture": "#4"},
				"up": {"uv": [0, 0, 0.625, 2], "texture": "#4"},
				"down": {"uv": [0, 0, 0.625, 2], "texture": "#4"}
			}
		},
		{
			"from": [6, 4, 1],
			"to": [9, 5, 15],
			"faces": {
				"north": {"uv": [0, 0, 0.375, 0.125], "texture": "#3"},
				"east": {"uv": [0, 0, 1.75, 0.125], "texture": "#3"},
				"south": {"uv": [0, 0, 0.375, 0.125], "texture": "#3"},
				"west": {"uv": [0, 0, 1.75, 0.125], "texture": "#3"},
				"up": {"uv": [0, 0, 0.375, 1.75], "texture": "#3"},
				"down": {"uv": [0, 0, 0.375, 1.75], "texture": "#3"}
			}
		},
		{
			"from": [6, 5, -1],
			"to": [9, 10, 0],
			"faces": {
				"north": {"uv": [0, 0, 0.375, 0.625], "texture": "#3"},
				"east": {"uv": [0, 0, 0.125, 0.625], "texture": "#3"},
				"south": {"uv": [0, 0, 0.375, 0.625], "texture": "#3"},
				"west": {"uv": [0, 0, 0.125, 0.625], "texture": "#3"},
				"up": {"uv": [0, 0, 0.375, 0.125], "texture": "#3"},
				"down": {"uv": [0, 0, 0.375, 0.125], "texture": "#3"}
			}
		},
		{
			"from": [6, 0, 0],
			"to": [9, 11, 1],
			"faces": {
				"north": {"uv": [0, 0, 0.375, 1.375], "texture": "#4"},
				"east": {"uv": [0, 0, 0.125, 1.375], "texture": "#4"},
				"south": {"uv": [0, 0, 0.375, 1.375], "texture": "#4"},
				"west": {"uv": [0, 0, 0.125, 1.375], "texture": "#4"},
				"up": {"uv": [0, 0, 0.375, 0.125], "texture": "#4"},
				"down": {"uv": [0, 0, 0.375, 0.125], "texture": "#4"}
			}
		},
		{
			"from": [6, 0, 15],
			"to": [9, 11, 16],
			"faces": {
				"north": {"uv": [0, 0, 0.375, 1.375], "texture": "#4"},
				"east": {"uv": [0, 0, 0.125, 1.375], "texture": "#4"},
				"south": {"uv": [0, 0, 0.375, 1.375], "texture": "#4"},
				"west": {"uv": [0, 0, 0.125, 1.375], "texture": "#4"},
				"up": {"uv": [0, 0, 0.375, 0.125], "texture": "#4"},
				"down": {"uv": [0, 0, 0.375, 0.125], "texture": "#4"}
			}
		},
		{
			"from": [5, 5, 15],
			"to": [10, 17, 16],
			"faces": {
				"north": {"uv": [0, 0, 0.625, 1.5], "texture": "#4"},
				"east": {"uv": [0, 0, 0.125, 1.5], "texture": "#4"},
				"south": {"uv": [0, 0, 0.625, 1.5], "texture": "#4"},
				"west": {"uv": [0, 0, 0.125, 1.5], "texture": "#4"},
				"up": {"uv": [0, 0, 0.625, 0.125], "texture": "#4"},
				"down": {"uv": [0, 0, 0.625, 0.125], "texture": "#4"}
			}
		},
		{
			"from": [5, 5, 0],
			"to": [10, 17, 1],
			"faces": {
				"north": {"uv": [0, 0, 0.625, 1.5], "texture": "#4"},
				"east": {"uv": [0, 0, 0.125, 1.5], "texture": "#4"},
				"south": {"uv": [0, 0, 0.625, 1.5], "texture": "#4"},
				"west": {"uv": [0, 0, 0.125, 1.5], "texture": "#4"},
				"up": {"uv": [0, 0, 0.625, 0.125], "texture": "#4"},
				"down": {"uv": [0, 0, 0.625, 0.125], "texture": "#4"}
			}
		},
		{
			"from": [5, 10, -1],
			"to": [10, 18, 0],
			"faces": {
				"north": {"uv": [0, 0, 0.625, 1], "texture": "#3"},
				"east": {"uv": [0, 0, 0.125, 1], "texture": "#3"},
				"south": {"uv": [0, 0, 0.625, 1], "texture": "#3"},
				"west": {"uv": [0, 0, 0.125, 1], "texture": "#3"},
				"up": {"uv": [0, 0, 0.625, 0.125], "texture": "#3"},
				"down": {"uv": [0, 0, 0.625, 0.125], "texture": "#3"}
			}
		},
		{
			"from": [5, 17, 0],
			"to": [10, 18, 16],
			"faces": {
				"north": {"uv": [0, 0, 0.625, 0.125], "texture": "#4"},
				"east": {"uv": [0, 0, 2, 0.125], "texture": "#4"},
				"south": {"uv": [0, 0, 0.625, 0.125], "texture": "#4"},
				"west": {"uv": [0, 0, 2, 0.125], "texture": "#4"},
				"up": {"uv": [0, 0, 0.625, 2], "texture": "#4"},
				"down": {"uv": [0, 0, 0.625, 2], "texture": "#4"}
			}
		},
		{
			"from": [6, 5, 16],
			"to": [9, 10, 17],
			"faces": {
				"north": {"uv": [0, 0, 0.375, 0.625], "texture": "#3"},
				"east": {"uv": [0, 0, 0.125, 0.625], "texture": "#3"},
				"south": {"uv": [0, 0, 0.375, 0.625], "texture": "#3"},
				"west": {"uv": [0, 0, 0.125, 0.625], "texture": "#3"},
				"up": {"uv": [0, 0, 0.375, 0.125], "texture": "#3"},
				"down": {"uv": [0, 0, 0.375, 0.125], "texture": "#3"}
			}
		},
		{
			"from": [5, 10, 16],
			"to": [10, 18, 17],
			"faces": {
				"north": {"uv": [0, 0, 0.625, 1], "texture": "#3"},
				"east": {"uv": [0, 0, 0.125, 1], "texture": "#3"},
				"south": {"uv": [0, 0, 0.625, 1], "texture": "#3"},
				"west": {"uv": [0, 0, 0.125, 1], "texture": "#3"},
				"up": {"uv": [0, 0, 0.625, 0.125], "texture": "#3"},
				"down": {"uv": [0, 0, 0.625, 0.125], "texture": "#3"}
			}
		},
		{
			"from": [7, 0, 16],
			"to": [8, 5, 17],
			"faces": {
				"north": {"uv": [0, 0, 0.125, 0.625], "texture": "#3"},
				"east": {"uv": [0, 0, 0.125, 0.625], "texture": "#3"},
				"south": {"uv": [0, 0, 0.125, 0.625], "texture": "#3"},
				"west": {"uv": [0, 0, 0.125, 0.625], "texture": "#3"},
				"up": {"uv": [0, 0, 0.125, 0.125], "texture": "#3"},
				"down": {"uv": [0, 0, 0.125, 0.125], "texture": "#3"}
			}
		},
		{
			"from": [7, 0, -1],
			"to": [8, 5, 0],
			"faces": {
				"north": {"uv": [0, 0, 0.125, 0.625], "texture": "#3"},
				"east": {"uv": [0, 0, 0.125, 0.625], "texture": "#3"},
				"south": {"uv": [0, 0, 0.125, 0.625], "texture": "#3"},
				"west": {"uv": [0, 0, 0.125, 0.625], "texture": "#3"},
				"up": {"uv": [0, 0, 0.125, 0.125], "texture": "#3"},
				"down": {"uv": [0, 0, 0.125, 0.125], "texture": "#3"}
			}
		},
		{
			"from": [1.02092, 18.99584, -2],
			"to": [3.02092, 19.99584, 18],
			"rotation": {"angle": -22.5, "axis": "z", "origin": [3.02092, 8.99584, 8]},
			"faces": {
				"north": {"uv": [0.125, 0, 0.375, 0.125], "texture": "#3"},
				"east": {"uv": [0.125, 0, 2.625, 0.125], "texture": "#3"},
				"south": {"uv": [0.125, 0, 0.375, 0.125], "texture": "#3"},
				"west": {"uv": [0.125, 0, 2.625, 0.125], "texture": "#3"},
				"up": {"uv": [0.125, 0, 0.375, 2.5], "texture": "#3"},
				"down": {"uv": [0.125, 0, 0.375, 2.5], "texture": "#3"}
			}
		},
		{
			"from": [-2.27417, 21.4386, -2],
			"to": [-0.27417, 22.4386, 18],
			"rotation": {"angle": -45, "axis": "z", "origin": [-0.27417, 11.4386, 8]},
			"faces": {
				"north": {"uv": [0.125, 0, 0.375, 0.125], "texture": "#3"},
				"east": {"uv": [0.125, 0, 2.625, 0.125], "texture": "#3"},
				"south": {"uv": [0.125, 0, 0.375, 0.125], "texture": "#3"},
				"west": {"uv": [0.125, 0, 2.625, 0.125], "texture": "#3"},
				"up": {"uv": [0.125, 0, 0.375, 2.5], "texture": "#3"},
				"down": {"uv": [0.125, 0, 0.375, 2.5], "texture": "#3"}
			}
		},
		{
			"from": [7.61636, 14.95639, -2],
			"to": [8.61636, 16.95639, 18],
			"rotation": {"angle": 22.5, "axis": "z", "origin": [-2.38364, 14.95639, 8]},
			"faces": {
				"north": {"uv": [0, 0.125, 0.25, 0.25], "rotation": 90, "texture": "#3"},
				"east": {"uv": [0, 0.125, 0.25, 2.625], "rotation": 270, "texture": "#3"},
				"south": {"uv": [0, 0.125, 0.25, 0.25], "rotation": 270, "texture": "#3"},
				"west": {"uv": [0, 0.125, 0.25, 2.625], "rotation": 270, "texture": "#3"},
				"up": {"uv": [0, 0.125, 2.5, 0.25], "rotation": 270, "texture": "#3"},
				"down": {"uv": [0, 0.125, 2.5, 0.25], "rotation": 270, "texture": "#3"}
			}
		},
		{
			"from": [7.01367, 18.01367, -2],
			"to": [8.01367, 21.01367, 18],
			"rotation": {"angle": 0, "axis": "y", "origin": [-2.98633, 19.01367, 8]},
			"faces": {
				"north": {"uv": [0, 0.125, 0.375, 0.25], "rotation": 90, "texture": "#3"},
				"east": {"uv": [0, 0.125, 0.375, 2.625], "rotation": 270, "texture": "#3"},
				"south": {"uv": [0, 0.125, 0.375, 0.25], "rotation": 270, "texture": "#3"},
				"west": {"uv": [0, 0.125, 0.375, 2.625], "rotation": 270, "texture": "#3"},
				"up": {"uv": [0, 0.125, 2.5, 0.25], "rotation": 270, "texture": "#3"},
				"down": {"uv": [0, 0.125, 2.5, 0.25], "rotation": 270, "texture": "#3"}
			}
		},
		{
			"from": [6.38364, 14.95639, -2],
			"to": [7.38364, 16.95639, 18],
			"rotation": {"angle": -22.5, "axis": "z", "origin": [17.38364, 14.95639, 8]},
			"faces": {
				"north": {"uv": [0, 0, 0.25, 0.125], "rotation": 90, "texture": "#3"},
				"east": {"uv": [0, 0, 0.25, 2.5], "rotation": 270, "texture": "#3"},
				"south": {"uv": [0, 0, 0.25, 0.125], "rotation": 270, "texture": "#3"},
				"west": {"uv": [0, 0, 0.25, 2.5], "rotation": 270, "texture": "#3"},
				"up": {"uv": [0, 0, 2.5, 0.125], "rotation": 270, "texture": "#3"},
				"down": {"uv": [0, 0, 2.5, 0.125], "rotation": 270, "texture": "#3"}
			}
		},
		{
			"from": [15.27417, 21.4386, -2],
			"to": [17.27417, 22.4386, 18],
			"rotation": {"angle": 45, "axis": "z", "origin": [15.27417, 11.4386, 8]},
			"faces": {
				"north": {"uv": [0, 0, 0.25, 0.125], "texture": "#3"},
				"east": {"uv": [0, 0, 2.5, 0.125], "texture": "#3"},
				"south": {"uv": [0, 0, 0.25, 0.125], "texture": "#3"},
				"west": {"uv": [0, 0, 2.5, 0.125], "texture": "#3"},
				"up": {"uv": [0, 0, 0.25, 2.5], "texture": "#3"},
				"down": {"uv": [0, 0, 0.25, 2.5], "texture": "#3"}
			}
		},
		{
			"from": [11.97908, 18.99584, -2],
			"to": [13.97908, 19.99584, 18],
			"rotation": {"angle": 22.5, "axis": "z", "origin": [11.97908, 8.99584, 8]},
			"faces": {
				"north": {"uv": [0, 0, 0.25, 0.125], "texture": "#3"},
				"east": {"uv": [0, 0, 2.5, 0.125], "texture": "#3"},
				"south": {"uv": [0, 0, 0.25, 0.125], "texture": "#3"},
				"west": {"uv": [0, 0, 2.5, 0.125], "texture": "#3"},
				"up": {"uv": [0, 0, 0.25, 2.5], "texture": "#3"},
				"down": {"uv": [0, 0, 0.25, 2.5], "texture": "#3"}
			}
		},
		{
			"from": [8, 18, -2],
			"to": [10, 19, 18],
			"faces": {
				"north": {"uv": [0, 0, 0.25, 0.125], "texture": "#3"},
				"east": {"uv": [0, 0, 2.5, 0.125], "texture": "#3"},
				"south": {"uv": [0, 0, 0.25, 0.125], "texture": "#3"},
				"west": {"uv": [0, 0, 2.5, 0.125], "texture": "#3"},
				"up": {"uv": [0, 0, 0.25, 2.5], "texture": "#3"},
				"down": {"uv": [0, 0, 0.25, 2.5], "texture": "#3"}
			}
		},
		{
			"from": [5, 18, -2],
			"to": [10, 19, 18],
			"faces": {
				"north": {"uv": [0, 0, 0.625, 0.125], "texture": "#3"},
				"east": {"uv": [0, 0, 2.5, 0.125], "texture": "#3"},
				"south": {"uv": [0, 0, 0.625, 0.125], "texture": "#3"},
				"west": {"uv": [0, 0, 2.5, 0.125], "texture": "#3"},
				"up": {"uv": [0, 0, 0.625, 2.5], "texture": "#3"},
				"down": {"uv": [0, 0, 0.625, 2.5], "texture": "#3"}
			}
		},
		{
			"from": [7, 0, 1],
			"to": [8, 5, 2],
			"faces": {
				"north": {"uv": [0, 0, 0.125, 0.625], "texture": "#3"},
				"east": {"uv": [0, 0, 0.125, 0.625], "texture": "#3"},
				"south": {"uv": [0, 0, 0.125, 0.625], "texture": "#3"},
				"west": {"uv": [0, 0, 0.125, 0.625], "texture": "#3"},
				"up": {"uv": [0, 0, 0.125, 0.125], "texture": "#3"},
				"down": {"uv": [0, 0, 0.125, 0.125], "texture": "#3"}
			}
		},
		{
			"from": [7, 0, 14],
			"to": [8, 5, 15],
			"faces": {
				"north": {"uv": [0, 0, 0.125, 0.625], "texture": "#3"},
				"east": {"uv": [0, 0, 0.125, 0.625], "texture": "#3"},
				"south": {"uv": [0, 0, 0.125, 0.625], "texture": "#3"},
				"west": {"uv": [0, 0, 0.125, 0.625], "texture": "#3"},
				"up": {"uv": [0, 0, 0.125, 0.125], "texture": "#3"},
				"down": {"uv": [0, 0, 0.125, 0.125], "texture": "#3"}
			}
		},
		{
			"from": [4.9, 4.9, 11],
			"to": [10.1, 5.9, 12],
			"faces": {
				"north": {"uv": [0, 0, 0.65, 0.125], "texture": "#5"},
				"east": {"uv": [0, 0, 0.125, 0.125], "texture": "#6"},
				"south": {"uv": [0, 0, 0.65, 0.125], "texture": "#5"},
				"west": {"uv": [0, 0, 0.125, 0.125], "texture": "#6"},
				"up": {"uv": [0, 0, 0.65, 0.125], "texture": "#5"},
				"down": {"uv": [0, 0, 0.65, 0.125], "texture": "#6"}
			}
		},
		{
			"from": [6, 15, -2.1],
			"to": [9, 18, -0.9],
			"faces": {
				"north": {"uv": [0, 0, 0.375, 0.375], "texture": "#6"},
				"east": {"uv": [0, 0, 0.15, 0.375], "texture": "#6"},
				"south": {"uv": [0, 0, 0.375, 0.375], "texture": "#6"},
				"west": {"uv": [0, 0, 0.15, 0.375], "texture": "#6"},
				"up": {"uv": [0, 0, 0.375, 0.15], "texture": "#6"},
				"down": {"uv": [0, 0, 0.375, 0.15], "texture": "#6"}
			}
		},
		{
			"from": [6, 11, -2],
			"to": [9, 15, -1],
			"faces": {
				"north": {"uv": [0, 0, 0.375, 0.5], "texture": "#0"},
				"east": {"uv": [0, 0, 0.125, 0.5], "texture": "#0"},
				"south": {"uv": [0, 0, 0.375, 0.5], "texture": "#0"},
				"west": {"uv": [0, 0, 0.125, 0.5], "texture": "#0"},
				"up": {"uv": [0, 0, 0.375, 0.125], "texture": "#0"},
				"down": {"uv": [0, 0, 0.375, 0.125], "texture": "#0"}
			}
		},
		{
			"from": [5, 14, -2],
			"to": [10, 18, -1],
			"faces": {
				"north": {"uv": [0, 0, 0.625, 0.5], "texture": "#0"},
				"east": {"uv": [0, 0, 0.125, 0.5], "texture": "#0"},
				"south": {"uv": [0, 0, 0.625, 0.5], "texture": "#0"},
				"west": {"uv": [0, 0, 0.125, 0.5], "texture": "#0"},
				"up": {"uv": [0, 0, 0.625, 0.125], "texture": "#0"},
				"down": {"uv": [0, 0, 0.625, 0.125], "texture": "#0"}
			}
		},
		{
			"from": [6, 11, 17],
			"to": [9, 15, 18],
			"faces": {
				"north": {"uv": [0.375, 0, 0, 0.5], "texture": "#0"},
				"east": {"uv": [0.125, 0, 0, 0.5], "texture": "#0"},
				"south": {"uv": [0.375, 0, 0, 0.5], "texture": "#0"},
				"west": {"uv": [0.125, 0, 0, 0.5], "texture": "#0"},
				"up": {"uv": [0, 0.125, 0.375, 0], "texture": "#0"},
				"down": {"uv": [0, 0.125, 0.375, 0], "texture": "#0"}
			}
		},
		{
			"from": [5, 14, 17],
			"to": [10, 18, 18],
			"faces": {
				"north": {"uv": [0.625, 0, 0, 0.5], "texture": "#0"},
				"east": {"uv": [0.125, 0, 0, 0.5], "texture": "#0"},
				"south": {"uv": [0.625, 0, 0, 0.5], "texture": "#0"},
				"west": {"uv": [0.125, 0, 0, 0.5], "texture": "#0"},
				"up": {"uv": [0, 0.125, 0.625, 0], "texture": "#0"},
				"down": {"uv": [0, 0.125, 0.625, 0], "texture": "#0"}
			}
		},
		{
			"from": [6, 15, 16.9],
			"to": [9, 18, 18.1],
			"faces": {
				"north": {"uv": [0.375, 0, 0, 0.375], "texture": "#6"},
				"east": {"uv": [0.15, 0, 0, 0.375], "texture": "#6"},
				"south": {"uv": [0.375, 0, 0, 0.375], "texture": "#6"},
				"west": {"uv": [0.15, 0, 0, 0.375], "texture": "#6"},
				"up": {"uv": [0, 0.15, 0.375, 0], "texture": "#6"},
				"down": {"uv": [0, 0.15, 0.375, 0], "texture": "#6"}
			}
		},
		{
			"from": [1.02092, 18.99584, -3],
			"to": [3.02092, 19.99584, -2],
			"rotation": {"angle": -22.5, "axis": "z", "origin": [3.02092, 8.99584, 8]},
			"faces": {
				"north": {"uv": [0.125, 0, 0.375, 0.125], "texture": "#0"},
				"east": {"uv": [0.125, 0, 0.25, 0.125], "texture": "#0"},
				"south": {"uv": [0.125, 0, 0.375, 0.125], "texture": "#0"},
				"west": {"uv": [0.125, 0, 0.25, 0.125], "texture": "#0"},
				"up": {"uv": [0.125, 0, 0.375, 0.125], "texture": "#0"},
				"down": {"uv": [0.125, 0, 0.375, 0.125], "texture": "#0"}
			}
		},
		{
			"from": [-2.27417, 21.4386, -3],
			"to": [-0.27417, 22.4386, -2],
			"rotation": {"angle": -45, "axis": "z", "origin": [-0.27417, 11.4386, 8]},
			"faces": {
				"north": {"uv": [0.125, 0, 0.375, 0.125], "texture": "#0"},
				"east": {"uv": [0.125, 0, 0.25, 0.125], "texture": "#0"},
				"south": {"uv": [0.125, 0, 0.375, 0.125], "texture": "#0"},
				"west": {"uv": [0.125, 0, 0.25, 0.125], "texture": "#0"},
				"up": {"uv": [0.125, 0, 0.375, 0.125], "texture": "#0"},
				"down": {"uv": [0.125, 0, 0.375, 0.125], "texture": "#0"}
			}
		},
		{
			"from": [7.61636, 14.95639, -3],
			"to": [8.61636, 16.95639, -2],
			"rotation": {"angle": 22.5, "axis": "z", "origin": [-2.38364, 14.95639, 8]},
			"faces": {
				"north": {"uv": [0, 0.125, 0.25, 0.25], "rotation": 90, "texture": "#0"},
				"east": {"uv": [0, 0.125, 0.25, 0.25], "rotation": 270, "texture": "#0"},
				"south": {"uv": [0, 0.125, 0.25, 0.25], "rotation": 270, "texture": "#0"},
				"west": {"uv": [0, 0.125, 0.25, 0.25], "rotation": 270, "texture": "#0"},
				"up": {"uv": [0, 0.125, 0.125, 0.25], "rotation": 270, "texture": "#0"},
				"down": {"uv": [0, 0.125, 0.125, 0.25], "rotation": 270, "texture": "#0"}
			}
		},
		{
			"from": [7.01367, 18.01367, -3],
			"to": [8.01367, 21.01367, -2],
			"rotation": {"angle": 0, "axis": "y", "origin": [-2.98633, 19.01367, 8]},
			"faces": {
				"north": {"uv": [0, 0.125, 0.375, 0.25], "rotation": 90, "texture": "#0"},
				"east": {"uv": [0, 0.125, 0.375, 0.25], "rotation": 270, "texture": "#0"},
				"south": {"uv": [0, 0.125, 0.375, 0.25], "rotation": 270, "texture": "#0"},
				"west": {"uv": [0, 0.125, 0.375, 0.25], "rotation": 270, "texture": "#0"},
				"up": {"uv": [0, 0.125, 0.125, 0.25], "rotation": 270, "texture": "#0"},
				"down": {"uv": [0, 0.125, 0.125, 0.25], "rotation": 270, "texture": "#0"}
			}
		},
		{
			"from": [6.38364, 14.95639, -3],
			"to": [7.38364, 16.95639, -2],
			"rotation": {"angle": -22.5, "axis": "z", "origin": [17.38364, 14.95639, 8]},
			"faces": {
				"north": {"uv": [0, 0, 0.25, 0.125], "rotation": 90, "texture": "#0"},
				"east": {"uv": [0, 0, 0.25, 0.125], "rotation": 270, "texture": "#0"},
				"south": {"uv": [0, 0, 0.25, 0.125], "rotation": 270, "texture": "#0"},
				"west": {"uv": [0, 0, 0.25, 0.125], "rotation": 270, "texture": "#0"},
				"up": {"uv": [0, 0, 0.125, 0.125], "rotation": 270, "texture": "#0"},
				"down": {"uv": [0, 0, 0.125, 0.125], "rotation": 270, "texture": "#0"}
			}
		},
		{
			"from": [15.27417, 21.4386, -3],
			"to": [17.27417, 22.4386, -2],
			"rotation": {"angle": 45, "axis": "z", "origin": [15.27417, 11.4386, 8]},
			"faces": {
				"north": {"uv": [0, 0, 0.25, 0.125], "texture": "#0"},
				"east": {"uv": [0, 0, 0.125, 0.125], "texture": "#0"},
				"south": {"uv": [0, 0, 0.25, 0.125], "texture": "#0"},
				"west": {"uv": [0, 0, 0.125, 0.125], "texture": "#0"},
				"up": {"uv": [0, 0, 0.25, 0.125], "texture": "#0"},
				"down": {"uv": [0, 0, 0.25, 0.125], "texture": "#0"}
			}
		},
		{
			"from": [11.97908, 18.99584, -3],
			"to": [13.97908, 19.99584, -2],
			"rotation": {"angle": 22.5, "axis": "z", "origin": [11.97908, 8.99584, 8]},
			"faces": {
				"north": {"uv": [0, 0, 0.25, 0.125], "texture": "#0"},
				"east": {"uv": [0, 0, 0.125, 0.125], "texture": "#0"},
				"south": {"uv": [0, 0, 0.25, 0.125], "texture": "#0"},
				"west": {"uv": [0, 0, 0.125, 0.125], "texture": "#0"},
				"up": {"uv": [0, 0, 0.25, 0.125], "texture": "#0"},
				"down": {"uv": [0, 0, 0.25, 0.125], "texture": "#0"}
			}
		},
		{
			"from": [8, 18, -3],
			"to": [10, 19, -2],
			"faces": {
				"north": {"uv": [0, 0, 0.25, 0.125], "texture": "#0"},
				"east": {"uv": [0, 0, 0.125, 0.125], "texture": "#0"},
				"south": {"uv": [0, 0, 0.25, 0.125], "texture": "#0"},
				"west": {"uv": [0, 0, 0.125, 0.125], "texture": "#0"},
				"up": {"uv": [0, 0, 0.25, 0.125], "texture": "#0"},
				"down": {"uv": [0, 0, 0.25, 0.125], "texture": "#0"}
			}
		},
		{
			"from": [5, 18, -3],
			"to": [10, 19, -2],
			"faces": {
				"north": {"uv": [0, 0, 0.625, 0.125], "texture": "#0"},
				"east": {"uv": [0, 0, 0.125, 0.125], "texture": "#0"},
				"south": {"uv": [0, 0, 0.625, 0.125], "texture": "#0"},
				"west": {"uv": [0, 0, 0.125, 0.125], "texture": "#0"},
				"up": {"uv": [0, 0, 0.625, 0.125], "texture": "#0"},
				"down": {"uv": [0, 0, 0.625, 0.125], "texture": "#0"}
			}
		},
		{
			"from": [1.02092, 18.99584, 18],
			"to": [3.02092, 19.99584, 19],
			"rotation": {"angle": -22.5, "axis": "z", "origin": [3.02092, 8.99584, 29]},
			"faces": {
				"north": {"uv": [0.125, 0, 0.375, 0.125], "texture": "#0"},
				"east": {"uv": [0.125, 0, 0.25, 0.125], "texture": "#0"},
				"south": {"uv": [0.125, 0, 0.375, 0.125], "texture": "#0"},
				"west": {"uv": [0.125, 0, 0.25, 0.125], "texture": "#0"},
				"up": {"uv": [0.125, 0, 0.375, 0.125], "texture": "#0"},
				"down": {"uv": [0.125, 0, 0.375, 0.125], "texture": "#0"}
			}
		},
		{
			"from": [-2.27417, 21.4386, 18],
			"to": [-0.27417, 22.4386, 19],
			"rotation": {"angle": -45, "axis": "z", "origin": [-0.27417, 11.4386, 29]},
			"faces": {
				"north": {"uv": [0.125, 0, 0.375, 0.125], "texture": "#0"},
				"east": {"uv": [0.125, 0, 0.25, 0.125], "texture": "#0"},
				"south": {"uv": [0.125, 0, 0.375, 0.125], "texture": "#0"},
				"west": {"uv": [0.125, 0, 0.25, 0.125], "texture": "#0"},
				"up": {"uv": [0.125, 0, 0.375, 0.125], "texture": "#0"},
				"down": {"uv": [0.125, 0, 0.375, 0.125], "texture": "#0"}
			}
		},
		{
			"from": [7.61636, 14.95639, 18],
			"to": [8.61636, 16.95639, 19],
			"rotation": {"angle": 22.5, "axis": "z", "origin": [-2.38364, 14.95639, 29]},
			"faces": {
				"north": {"uv": [0, 0.125, 0.25, 0.25], "rotation": 90, "texture": "#0"},
				"east": {"uv": [0, 0.125, 0.25, 0.25], "rotation": 270, "texture": "#0"},
				"south": {"uv": [0, 0.125, 0.25, 0.25], "rotation": 270, "texture": "#0"},
				"west": {"uv": [0, 0.125, 0.25, 0.25], "rotation": 270, "texture": "#0"},
				"up": {"uv": [0, 0.125, 0.125, 0.25], "rotation": 270, "texture": "#0"},
				"down": {"uv": [0, 0.125, 0.125, 0.25], "rotation": 270, "texture": "#0"}
			}
		},
		{
			"from": [7.01367, 18.01367, 18],
			"to": [8.01367, 21.01367, 19],
			"rotation": {"angle": 0, "axis": "y", "origin": [-2.98633, 19.01367, 29]},
			"faces": {
				"north": {"uv": [0, 0.125, 0.375, 0.25], "rotation": 90, "texture": "#0"},
				"east": {"uv": [0, 0.125, 0.375, 0.25], "rotation": 270, "texture": "#0"},
				"south": {"uv": [0, 0.125, 0.375, 0.25], "rotation": 270, "texture": "#0"},
				"west": {"uv": [0, 0.125, 0.375, 0.25], "rotation": 270, "texture": "#0"},
				"up": {"uv": [0, 0.125, 0.125, 0.25], "rotation": 270, "texture": "#0"},
				"down": {"uv": [0, 0.125, 0.125, 0.25], "rotation": 270, "texture": "#0"}
			}
		},
		{
			"from": [6.38364, 14.95639, 18],
			"to": [7.38364, 16.95639, 19],
			"rotation": {"angle": -22.5, "axis": "z", "origin": [17.38364, 14.95639, 29]},
			"faces": {
				"north": {"uv": [0, 0, 0.25, 0.125], "rotation": 90, "texture": "#0"},
				"east": {"uv": [0, 0, 0.25, 0.125], "rotation": 270, "texture": "#0"},
				"south": {"uv": [0, 0, 0.25, 0.125], "rotation": 270, "texture": "#0"},
				"west": {"uv": [0, 0, 0.25, 0.125], "rotation": 270, "texture": "#0"},
				"up": {"uv": [0, 0, 0.125, 0.125], "rotation": 270, "texture": "#0"},
				"down": {"uv": [0, 0, 0.125, 0.125], "rotation": 270, "texture": "#0"}
			}
		},
		{
			"from": [15.27417, 21.4386, 18],
			"to": [17.27417, 22.4386, 19],
			"rotation": {"angle": 45, "axis": "z", "origin": [15.27417, 11.4386, 29]},
			"faces": {
				"north": {"uv": [0, 0, 0.25, 0.125], "texture": "#0"},
				"east": {"uv": [0, 0, 0.125, 0.125], "texture": "#0"},
				"south": {"uv": [0, 0, 0.25, 0.125], "texture": "#0"},
				"west": {"uv": [0, 0, 0.125, 0.125], "texture": "#0"},
				"up": {"uv": [0, 0, 0.25, 0.125], "texture": "#0"},
				"down": {"uv": [0, 0, 0.25, 0.125], "texture": "#0"}
			}
		},
		{
			"from": [11.97908, 18.99584, 18],
			"to": [13.97908, 19.99584, 19],
			"rotation": {"angle": 22.5, "axis": "z", "origin": [11.97908, 8.99584, 29]},
			"faces": {
				"north": {"uv": [0, 0, 0.25, 0.125], "texture": "#0"},
				"east": {"uv": [0, 0, 0.125, 0.125], "texture": "#0"},
				"south": {"uv": [0, 0, 0.25, 0.125], "texture": "#0"},
				"west": {"uv": [0, 0, 0.125, 0.125], "texture": "#0"},
				"up": {"uv": [0, 0, 0.25, 0.125], "texture": "#0"},
				"down": {"uv": [0, 0, 0.25, 0.125], "texture": "#0"}
			}
		},
		{
			"from": [8, 18, 18],
			"to": [10, 19, 19],
			"rotation": {"angle": 0, "axis": "y", "origin": [8, 8, 29]},
			"faces": {
				"north": {"uv": [0, 0, 0.25, 0.125], "texture": "#0"},
				"east": {"uv": [0, 0, 0.125, 0.125], "texture": "#0"},
				"south": {"uv": [0, 0, 0.25, 0.125], "texture": "#0"},
				"west": {"uv": [0, 0, 0.125, 0.125], "texture": "#0"},
				"up": {"uv": [0, 0, 0.25, 0.125], "texture": "#0"},
				"down": {"uv": [0, 0, 0.25, 0.125], "texture": "#0"}
			}
		},
		{
			"from": [5, 18, 18],
			"to": [10, 19, 19],
			"rotation": {"angle": 0, "axis": "y", "origin": [8, 8, 29]},
			"faces": {
				"north": {"uv": [0, 0, 0.625, 0.125], "texture": "#0"},
				"east": {"uv": [0, 0, 0.125, 0.125], "texture": "#0"},
				"south": {"uv": [0, 0, 0.625, 0.125], "texture": "#0"},
				"west": {"uv": [0, 0, 0.125, 0.125], "texture": "#0"},
				"up": {"uv": [0, 0, 0.625, 0.125], "texture": "#0"},
				"down": {"uv": [0, 0, 0.625, 0.125], "texture": "#0"}
			}
		}
	],
	"display": {
		"thirdperson_righthand": {
			"translation": [0, 6.75, -5.25]
		},
		"thirdperson_lefthand": {
			"translation": [0, 6.75, -5.25]
		},
		"firstperson_righthand": {
			"rotation": [0, 20, 0],
			"translation": [2.25, 0, 0]
		},
		"firstperson_lefthand": {
			"rotation": [0, 20, 0],
			"translation": [2.25, 0, 0]
		},
		"ground": {
			"translation": [0, 0.5, 0],
			"scale": [0.5, 0.5, 0.5]
		},
		"gui": {
			"rotation": [0, -123, 0],
			"translation": [0, -1.75, 0],
			"scale": [0.7, 0.7, 0.7]
		},
		"head": {
			"rotation": [0, -90, 0],
			"translation": [0, -14.5, 2],
			"scale": [4, 4, 4]
		},
		"fixed": {
			"rotation": [0, 90, 0],
			"translation": [0, -2.25, -0.5],
			"scale": [0.7, 0.7, 0.7]
		}
	},
	"groups": [0,
		{
			"name": "Frame",
			"origin": [8, 8, 8],
			"children": [1, 2, 3, 4, 5, 6, 7, 8, 9, 10, 11, 12, 13]
		},
		{
			"name": "Curve Top Bar",
			"origin": [8, 8, 8],
			"children": [14, 15, 16, 17, 18, 19, 20, 21, 22, 23, 24]
		},
		{
			"name": "Lights",
			"origin": [8, 8, 8],
			"children": [25, 26, 27, 28, 29, 30, 31]
		},
		{
			"name": "Curve Top Bar",
			"origin": [8, 8, 8],
			"children": [32, 33, 34, 35, 36, 37, 38, 39, 40]
		},
		{
			"name": "Curve Top Bar",
			"origin": [8, 8, 8],
			"children": [41, 42, 43, 44, 45, 46, 47, 48, 49]
		}
	]
}