{
	"credit": "Made with Blockbench",
	"textures": {
		"0": "signs/s6",
		"2": "signs/camera",
		"4": "signs/s10"
	},
	"elements": [
		{
			"from": [6.48, 15.36, 2.68],
			"to": [9.52, 19.16, 13.32],
			"rotation": {"angle": 0, "axis": "y", "origin": [8, 1.68, 8]},
			"faces": {
				"north": {"uv": [0, 0, 0.25, 0.3125], "texture": "#0"},
				"east": {"uv": [0, 0, 0.875, 0.3125], "texture": "#0"},
				"south": {"uv": [0, 0, 0.25, 0.3125], "texture": "#0"},
				"west": {"uv": [0, 0, 0.875, 0.3125], "texture": "#0"},
				"up": {"uv": [0, 0, 0.25, 0.875], "texture": "#0"},
				"down": {"uv": [0, 0, 0.25, 0.875], "texture": "#0"}
			}
		},
		{
			"from": [6.48, 13.15215, 3.13961],
			"to": [9.52, 15.43215, 4.65961],
			"rotation": {"angle": 22.5, "axis": "x", "origin": [12.56, 19.23215, 9.21961]},
			"faces": {
				"north": {"uv": [0, 0, 0.25, 0.1875], "texture": "#0"},
				"east": {"uv": [0, 0, 0.125, 0.1875], "texture": "#0"},
				"south": {"uv": [0, 0, 0.25, 0.1875], "texture": "#0"},
				"west": {"uv": [0, 0, 0.125, 0.1875], "texture": "#0"},
				"up": {"uv": [0, 0, 0.25, 0.125], "texture": "#0"},
				"down": {"uv": [0, 0, 0.25, 0.125], "texture": "#0"}
			}
		},
		{
			"from": [6.48, 18.6155, 2.55793],
			"to": [9.52, 20.1355, 7.11793],
			"rotation": {"angle": -22.5, "axis": "x", "origin": [12.56, 14.0555, 8.63793]},
			"faces": {
				"north": {"uv": [0, 0, 0.25, 0.125], "rotation": 180, "texture": "#0"},
				"east": {"uv": [0, 0, 0.125, 0.375], "rotation": 270, "texture": "#0"},
				"south": {"uv": [0, 0, 0.25, 0.125], "texture": "#0"},
				"west": {"uv": [0, 0, 0.125, 0.375], "rotation": 90, "texture": "#0"},
				"up": {"uv": [0, 0, 0.25, 0.375], "rotation": 180, "texture": "#0"},
				"down": {"uv": [0, 0, 0.25, 0.375], "texture": "#0"}
			}
		},
		{
			"from": [6.48, 17.34598, 0.69402],
			"to": [9.52, 26.46598, 2.97402],
			"rotation": {"angle": 0, "axis": "y", "origin": [12.56, 8.22598, 6.77402]},
			"faces": {
				"north": {"uv": [0, 0, 0.25, 0.75], "rotation": 180, "texture": "#0"},
				"east": {"uv": [0, 0, 0.75, 0.1875], "rotation": 270, "texture": "#0"},
				"south": {"uv": [0, 0, 0.25, 0.75], "texture": "#0"},
				"west": {"uv": [0, 0, 0.75, 0.1875], "rotation": 90, "texture": "#0"},
				"up": {"uv": [0, 0, 0.25, 0.1875], "rotation": 180, "texture": "#0"},
				"down": {"uv": [0, 0, 0.25, 0.1875], "texture": "#0"}
			}
		},
		{
			"from": [6.48, 17.34598, 13.02598],
			"to": [9.52, 26.46598, 15.30598],
			"rotation": {"angle": 0, "axis": "y", "origin": [12.56, 8.22598, 6.94598]},
			"faces": {
				"north": {"uv": [0, 0, 0.25, 0.75], "rotation": 180, "texture": "#0"},
				"east": {"uv": [0, 0, 0.75, 0.1875], "rotation": 270, "texture": "#0"},
				"south": {"uv": [0, 0, 0.25, 0.75], "texture": "#0"},
				"west": {"uv": [0, 0, 0.75, 0.1875], "rotation": 90, "texture": "#0"},
				"up": {"uv": [0, 0, 0.25, 0.1875], "rotation": 180, "texture": "#0"},
				"down": {"uv": [0, 0, 0.25, 0.1875], "texture": "#0"}
			}
		},
		{
			"from": [6.48, 17.80558, 14.47382],
			"to": [9.52, 19.32558, 17.51382],
			"rotation": {"angle": 22.5, "axis": "x", "origin": [12.56, 23.88558, 11.43382]},
			"faces": {
				"north": {"uv": [0, 0, 4, 2], "rotation": 180, "texture": "#0"},
				"east": {"uv": [0, 0, 2, 4], "rotation": 90, "texture": "#0"},
				"south": {"uv": [0, 0, 4, 2], "texture": "#0"},
				"west": {"uv": [0, 0, 2, 4], "rotation": 270, "texture": "#0"},
				"up": {"uv": [0, 0, 4, 4], "texture": "#0"},
				"down": {"uv": [0, 0, 4, 4], "rotation": 180, "texture": "#0"}
			}
		},
		{
			"from": [6.48, 17.2239, 10.53047],
			"to": [9.52, 19.5039, 12.05047],
			"rotation": {"angle": -22.5, "axis": "x", "origin": [12.56, 23.3039, 16.61047]},
			"faces": {
				"north": {"uv": [0, 0, 4, 3], "texture": "#0"},
				"east": {"uv": [0, 0, 2, 3], "texture": "#0"},
				"south": {"uv": [0, 0, 4, 3], "texture": "#0"},
				"west": {"uv": [0, 0, 2, 3], "texture": "#0"},
				"up": {"uv": [0, 0, 4, 2], "texture": "#0"},
				"down": {"uv": [0, 0, 4, 2], "texture": "#0"}
			}
		},
		{
			"from": [6.48, 24.30805, 10.53047],
			"to": [9.52, 26.58805, 12.05047],
			"rotation": {"angle": 22.5, "axis": "x", "origin": [12.56, 20.50805, 16.61047]},
			"faces": {
				"north": {"uv": [0, 3, 4, 6], "texture": "#0"},
				"east": {"uv": [0, 3, 2, 6], "texture": "#0"},
				"south": {"uv": [0, 3, 4, 6], "texture": "#0"},
				"west": {"uv": [0, 3, 2, 6], "texture": "#0"},
				"up": {"uv": [0, 2, 4, 4], "texture": "#0"},
				"down": {"uv": [0, 2, 4, 4], "texture": "#0"}
			}
		},
		{
			"from": [6.48, 24.48637, 14.47382],
			"to": [9.52, 26.00637, 17.51382],
			"rotation": {"angle": -22.5, "axis": "x", "origin": [12.56, 19.92637, 11.43382]},
			"faces": {
				"north": {"uv": [0, 2, 4, 4], "rotation": 180, "texture": "#0"},
				"east": {"uv": [2, 0, 4, 4], "rotation": 90, "texture": "#0"},
				"south": {"uv": [0, 2, 4, 4], "texture": "#0"},
				"west": {"uv": [2, 0, 4, 4], "rotation": 270, "texture": "#0"},
				"up": {"uv": [0, 4, 4, 8], "rotation": 180, "texture": "#0"},
				"down": {"uv": [0, 4, 4, 8], "texture": "#0"}
			}
		},
		{
			"from": [6.48, 23.67645, 2.55793],
			"to": [9.52, 25.19645, 7.11793],
			"rotation": {"angle": 22.5, "axis": "x", "origin": [12.56, 29.75645, 8.63793]},
			"faces": {
				"north": {"uv": [0, 0.125, 4, 2.125], "rotation": 180, "texture": "#0"},
				"east": {"uv": [0.125, 0, 2.125, 6], "rotation": 270, "texture": "#0"},
				"south": {"uv": [0, 0.125, 4, 2.125], "texture": "#0"},
				"west": {"uv": [0.125, 0, 2.125, 6], "rotation": 90, "texture": "#0"},
				"up": {"uv": [0, 0.375, 4, 6.375], "texture": "#0"},
				"down": {"uv": [0, 0.375, 4, 6.375], "rotation": 180, "texture": "#0"}
			}
		},
		{
			"from": [6.48, 28.3798, 3.13961],
			"to": [9.52, 30.6598, 4.65961],
			"rotation": {"angle": -22.5, "axis": "x", "origin": [12.56, 24.5798, 9.21961]},
			"faces": {
				"north": {"uv": [0, 0.1875, 4, 3.1875], "texture": "#0"},
				"east": {"uv": [0, 0.1875, 2, 3.1875], "texture": "#0"},
				"south": {"uv": [0, 0.1875, 4, 3.1875], "texture": "#0"},
				"west": {"uv": [0, 0.1875, 2, 3.1875], "texture": "#0"},
				"up": {"uv": [0, 0.125, 4, 2.125], "texture": "#0"},
				"down": {"uv": [0, 0.125, 4, 2.125], "texture": "#0"}
			}
		},
		{
			"from": [6.48, 18.57195, 2.68],
			"to": [9.52, 28.45195, 13.32],
			"rotation": {"angle": 0, "axis": "y", "origin": [8, 10.97195, 8]},
			"faces": {
				"north": {"uv": [0, 0, 4, 13], "texture": "#0"},
				"east": {"uv": [0, 0, 14, 13], "texture": "#0"},
				"south": {"uv": [0, 0, 4, 13], "texture": "#0"},
				"west": {"uv": [0, 0, 14, 13], "texture": "#0"},
				"up": {"uv": [0, 0, 4, 14], "texture": "#0"},
				"down": {"uv": [0, 0, 4, 14], "texture": "#0"}
			}
		},
		{
			"from": [5.73968, 16.61376, 3.65888],
			"to": [10.26032, 19.71456, 12.34112],
			"rotation": {"angle": 0, "axis": "y", "origin": [8, 5.45088, 8]},
			"faces": {
				"north": {"uv": [0, 0, 0.25, 0.3125], "texture": "#4"},
				"east": {"uv": [0, 0, 0.875, 0.3125], "texture": "#4"},
				"south": {"uv": [0, 0, 0.25, 0.3125], "texture": "#4"},
				"west": {"uv": [0, 0, 0.875, 0.3125], "texture": "#4"},
				"up": {"uv": [0, 0, 0.25, 0.875], "texture": "#4"},
				"down": {"uv": [0, 0, 0.25, 0.875], "texture": "#4"}
			}
		},
		{
			"from": [5.73968, 14.81216, 4.03392],
			"to": [10.26032, 16.67264, 5.27424],
			"rotation": {"angle": 22.5, "axis": "x", "origin": [11.72096, 19.77344, 8.9952]},
			"faces": {
				"north": {"uv": [0, 0, 0.25, 0.1875], "texture": "#4"},
				"east": {"uv": [0, 0, 0.125, 0.1875], "texture": "#4"},
				"south": {"uv": [0, 0, 0.25, 0.1875], "texture": "#4"},
				"west": {"uv": [0, 0, 0.125, 0.1875], "texture": "#4"},
				"up": {"uv": [0, 0, 0.25, 0.125], "texture": "#4"},
				"down": {"uv": [0, 0, 0.25, 0.125], "texture": "#4"}
			}
		},
		{
			"from": [5.73968, 19.27025, 3.55927],
			"to": [10.26032, 20.51057, 7.28023],
			"rotation": {"angle": -22.5, "axis": "x", "origin": [11.72096, 15.54929, 8.52055]},
			"faces": {
				"north": {"uv": [0, 0, 0.25, 0.125], "rotation": 180, "texture": "#4"},
				"east": {"uv": [0, 0, 0.125, 0.375], "rotation": 270, "texture": "#4"},
				"south": {"uv": [0, 0, 0.25, 0.125], "texture": "#4"},
				"west": {"uv": [0, 0, 0.125, 0.375], "rotation": 90, "texture": "#4"},
				"up": {"uv": [0, 0, 0.25, 0.375], "rotation": 180, "texture": "#4"},
				"down": {"uv": [0, 0, 0.25, 0.375], "texture": "#4"}
			}
		},
		{
			"from": [5.73968, 18.23432, 2.03832],
			"to": [10.26032, 25.67624, 3.8988],
			"rotation": {"angle": 0, "axis": "y", "origin": [11.72096, 10.7924, 6.9996]},
			"faces": {
				"north": {"uv": [0, 0, 0.25, 0.75], "rotation": 180, "texture": "#4"},
				"east": {"uv": [0, 0, 0.75, 0.1875], "rotation": 270, "texture": "#4"},
				"south": {"uv": [0, 0, 0.25, 0.75], "texture": "#4"},
				"west": {"uv": [0, 0, 0.75, 0.1875], "rotation": 90, "texture": "#4"},
				"up": {"uv": [0, 0, 0.25, 0.1875], "rotation": 180, "texture": "#4"},
				"down": {"uv": [0, 0, 0.25, 0.1875], "texture": "#4"}
			}
		},
		{
			"from": [5.73968, 18.23432, 12.1012],
			"to": [10.26032, 25.67624, 13.96168],
			"rotation": {"angle": 0, "axis": "y", "origin": [11.72096, 10.7924, 7.13992]},
			"faces": {
				"north": {"uv": [0, 0, 0.25, 0.75], "rotation": 180, "texture": "#4"},
				"east": {"uv": [0, 0, 0.75, 0.1875], "rotation": 270, "texture": "#4"},
				"south": {"uv": [0, 0, 0.25, 0.75], "texture": "#4"},
				"west": {"uv": [0, 0, 0.75, 0.1875], "rotation": 90, "texture": "#4"},
				"up": {"uv": [0, 0, 0.25, 0.1875], "rotation": 180, "texture": "#4"},
				"down": {"uv": [0, 0, 0.25, 0.1875], "texture": "#4"}
			}
		},
		{
			"from": [5.73968, 18.60935, 13.28264],
			"to": [10.26032, 19.84967, 15.76328],
			"rotation": {"angle": 22.5, "axis": "x", "origin": [11.72096, 23.57063, 10.802]},
			"faces": {
				"north": {"uv": [0, 0, 4, 2], "rotation": 180, "texture": "#4"},
				"east": {"uv": [0, 0, 2, 4], "rotation": 90, "texture": "#4"},
				"south": {"uv": [0, 0, 4, 2], "texture": "#4"},
				"west": {"uv": [0, 0, 2, 4], "rotation": 270, "texture": "#4"},
				"up": {"uv": [0, 0, 4, 4], "texture": "#4"},
				"down": {"uv": [0, 0, 4, 4], "rotation": 180, "texture": "#4"}
			}
		},
		{
			"from": [5.73968, 18.1347, 10.06487],
			"to": [10.26032, 19.99518, 11.30519],
			"rotation": {"angle": -22.5, "axis": "x", "origin": [11.72096, 23.09598, 15.02615]},
			"faces": {
				"north": {"uv": [0, 0, 4, 3], "texture": "#4"},
				"east": {"uv": [0, 0, 2, 3], "texture": "#4"},
				"south": {"uv": [0, 0, 4, 3], "texture": "#4"},
				"west": {"uv": [0, 0, 2, 3], "texture": "#4"},
				"up": {"uv": [0, 0, 4, 2], "texture": "#4"},
				"down": {"uv": [0, 0, 4, 2], "texture": "#4"}
			}
		},
		{
			"from": [5.73968, 23.91537, 10.06487],
			"to": [10.26032, 25.77585, 11.30519],
			"rotation": {"angle": 22.5, "axis": "x", "origin": [11.72096, 20.81457, 15.02615]},
			"faces": {
				"north": {"uv": [0, 3, 4, 6], "texture": "#4"},
				"east": {"uv": [0, 3, 2, 6], "texture": "#4"},
				"south": {"uv": [0, 3, 4, 6], "texture": "#4"},
				"west": {"uv": [0, 3, 2, 6], "texture": "#4"},
				"up": {"uv": [0, 2, 4, 4], "texture": "#4"},
				"down": {"uv": [0, 2, 4, 4], "texture": "#4"}
			}
		},
		{
			"from": [5.73968, 24.06088, 13.28264],
			"to": [10.26032, 25.3012, 15.76328],
			"rotation": {"angle": -22.5, "axis": "x", "origin": [11.72096, 20.33992, 10.802]},
			"faces": {
				"north": {"uv": [0, 2, 4, 4], "rotation": 180, "texture": "#4"},
				"east": {"uv": [2, 0, 4, 4], "rotation": 90, "texture": "#4"},
				"south": {"uv": [0, 2, 4, 4], "texture": "#4"},
				"west": {"uv": [2, 0, 4, 4], "rotation": 270, "texture": "#4"},
				"up": {"uv": [0, 4, 4, 8], "rotation": 180, "texture": "#4"},
				"down": {"uv": [0, 4, 4, 8], "texture": "#4"}
			}
		},
		{
			"from": [5.73968, 23.39998, 3.55927],
			"to": [10.26032, 24.6403, 7.28023],
			"rotation": {"angle": 22.5, "axis": "x", "origin": [11.72096, 28.36126, 8.52055]},
			"faces": {
				"north": {"uv": [0, 0.125, 4, 2.125], "rotation": 180, "texture": "#4"},
				"east": {"uv": [0.125, 0, 2.125, 6], "rotation": 270, "texture": "#4"},
				"south": {"uv": [0, 0.125, 4, 2.125], "texture": "#4"},
				"west": {"uv": [0.125, 0, 2.125, 6], "rotation": 90, "texture": "#4"},
				"up": {"uv": [0, 0.375, 4, 6.375], "texture": "#4"},
				"down": {"uv": [0, 0.375, 4, 6.375], "rotation": 180, "texture": "#4"}
			}
		},
		{
			"from": [5.73968, 27.23792, 4.03392],
			"to": [10.26032, 29.0984, 5.27424],
			"rotation": {"angle": -22.5, "axis": "x", "origin": [11.72096, 24.13712, 8.9952]},
			"faces": {
				"north": {"uv": [0, 0.1875, 4, 3.1875], "texture": "#4"},
				"east": {"uv": [0, 0.1875, 2, 3.1875], "texture": "#4"},
				"south": {"uv": [0, 0.1875, 4, 3.1875], "texture": "#4"},
				"west": {"uv": [0, 0.1875, 2, 3.1875], "texture": "#4"},
				"up": {"uv": [0, 0.125, 4, 2.125], "texture": "#4"},
				"down": {"uv": [0, 0.125, 4, 2.125], "texture": "#4"}
			}
		},
		{
			"from": [5.73968, 19.23471, 3.65888],
			"to": [10.26032, 27.29679, 12.34112],
			"rotation": {"angle": 0, "axis": "y", "origin": [8, 13.03311, 8]},
			"faces": {
				"north": {"uv": [0, 0, 4, 13], "texture": "#4"},
				"east": {"uv": [0, 0, 14, 13], "texture": "#4"},
				"south": {"uv": [0, 0, 4, 13], "texture": "#4"},
				"west": {"uv": [0, 0, 14, 13], "texture": "#4"},
				"up": {"uv": [0, 0, 4, 14], "texture": "#4"},
				"down": {"uv": [0, 0, 4, 14], "texture": "#4"}
			}
		},
		{
			"from": [5.75, 17.23471, 3.65888],
			"to": [10.27064, 27.29679, 12.34112],
			"rotation": {"angle": 0, "axis": "y", "origin": [8, 13.03311, 8]},
			"faces": {
				"north": {"uv": [0, 0, 4, 13], "texture": "#4"},
				"east": {"uv": [3.5, 2.625, 12.625, 12.625], "texture": "#2"},
				"south": {"uv": [0, 0, 4, 13], "texture": "#4"},
				"west": {"uv": [3.5, 2.625, 12.625, 12.625], "texture": "#2"},
				"up": {"uv": [0, 0, 4, 14], "texture": "#4"},
				"down": {"uv": [0, 0, 4, 14], "texture": "#4"}
			}
		},
		{
			"from": [5.72936, 17.23471, 3.65888],
			"to": [10.25, 27.29679, 12.34112],
			"rotation": {"angle": 0, "axis": "y", "origin": [8, 13.03311, 8]},
			"faces": {
				"north": {"uv": [0, 0, 4, 13], "texture": "#4"},
				"east": {"uv": [3.5, 2.625, 12.625, 12.625], "texture": "#4"},
				"south": {"uv": [0, 0, 4, 13], "texture": "#4"},
				"west": {"uv": [3.5, 2.625, 12.625, 12.625], "texture": "#2"},
				"up": {"uv": [0, 0, 4, 14], "rotation": 180, "texture": "#4"},
				"down": {"uv": [0, 0, 4, 14], "rotation": 180, "texture": "#4"}
			}
		},
		{
			"name": "hexadecagon",
			"from": [7.80109, -8.5, 7],
			"to": [8.19891, 16.5, 9],
			"rotation": {"angle": -45, "axis": "y", "origin": [8, 8, 8]},
			"faces": {
				"north": {"uv": [0, 0, 1, 1], "texture": "#0"},
				"east": {"uv": [0, 0, 1, 1], "texture": "#0"},
				"south": {"uv": [0, 0, 1, 1], "texture": "#0"},
				"west": {"uv": [0, 0, 1, 1], "texture": "#0"},
				"up": {"uv": [0, 0, 1, 1], "texture": "#0"},
				"down": {"uv": [0, 0, 1, 1], "texture": "#0"}
			}
		},
		{
			"name": "hexadecagon",
			"from": [7.80109, -8.5, 7],
			"to": [8.19891, 16.5, 9],
			"rotation": {"angle": -22.5, "axis": "y", "origin": [8, 8, 8]},
			"faces": {
				"north": {"uv": [0, 0, 1, 1], "texture": "#0"},
				"east": {"uv": [0, 0, 1, 1], "texture": "#0"},
				"south": {"uv": [0, 0, 1, 1], "texture": "#0"},
				"west": {"uv": [0, 0, 1, 1], "texture": "#0"},
				"up": {"uv": [0, 0, 1, 1], "texture": "#0"},
				"down": {"uv": [0, 0, 1, 1], "texture": "#0"}
			}
		},
		{
			"name": "hexadecagon",
			"from": [7.80109, -8.5, 7],
			"to": [8.19891, 16.5, 9],
			"faces": {
				"north": {"uv": [0, 0, 1, 1], "texture": "#0"},
				"east": {"uv": [0, 0, 1, 1], "texture": "#0"},
				"south": {"uv": [0, 0, 1, 1], "texture": "#0"},
				"west": {"uv": [0, 0, 1, 1], "texture": "#0"},
				"up": {"uv": [0, 0, 1, 1], "texture": "#0"},
				"down": {"uv": [0, 0, 1, 1], "texture": "#0"}
			}
		},
		{
			"name": "hexadecagon",
			"from": [7.80109, -8.5, 7],
			"to": [8.19891, 16.5, 9],
			"rotation": {"angle": 22.5, "axis": "y", "origin": [8, 8, 8]},
			"faces": {
				"north": {"uv": [0, 0, 1, 1], "texture": "#0"},
				"east": {"uv": [0, 0, 1, 1], "texture": "#0"},
				"south": {"uv": [0, 0, 1, 1], "texture": "#0"},
				"west": {"uv": [0, 0, 1, 1], "texture": "#0"},
				"up": {"uv": [0, 0, 1, 1], "texture": "#0"},
				"down": {"uv": [0, 0, 1, 1], "texture": "#0"}
			}
		},
		{
			"name": "hexadecagon",
			"from": [7.80109, -8.5, 7],
			"to": [8.19891, 16.5, 9],
			"rotation": {"angle": 45, "axis": "y", "origin": [8, 8, 8]},
			"faces": {
				"north": {"uv": [0, 0, 1, 1], "texture": "#0"},
				"east": {"uv": [0, 0, 1, 1], "texture": "#0"},
				"south": {"uv": [0, 0, 1, 1], "texture": "#0"},
				"west": {"uv": [0, 0, 1, 1], "texture": "#0"},
				"up": {"uv": [0, 0, 1, 1], "texture": "#0"},
				"down": {"uv": [0, 0, 1, 1], "texture": "#0"}
			}
		},
		{
			"name": "hexadecagon",
			"from": [7, -8.5, 7.80109],
			"to": [9, 16.5, 8.19891],
			"rotation": {"angle": -22.5, "axis": "y", "origin": [8, 8, 8]},
			"faces": {
				"north": {"uv": [0, 0, 1, 1], "texture": "#0"},
				"east": {"uv": [0, 0, 1, 1], "texture": "#0"},
				"south": {"uv": [0, 0, 1, 1], "texture": "#0"},
				"west": {"uv": [0, 0, 1, 1], "texture": "#0"},
				"up": {"uv": [0, 0, 1, 1], "texture": "#0"},
				"down": {"uv": [0, 0, 1, 1], "texture": "#0"}
			}
		},
		{
			"name": "hexadecagon",
			"from": [7, -8.5, 7.80109],
			"to": [9, 16.5, 8.19891],
			"faces": {
				"north": {"uv": [0, 0, 1, 1], "texture": "#0"},
				"east": {"uv": [0, 0, 1, 1], "texture": "#0"},
				"south": {"uv": [0, 0, 1, 1], "texture": "#0"},
				"west": {"uv": [0, 0, 1, 1], "texture": "#0"},
				"up": {"uv": [0, 0, 1, 1], "texture": "#0"},
				"down": {"uv": [0, 0, 1, 1], "texture": "#0"}
			}
		},
		{
			"name": "hexadecagon",
			"from": [7, -8.5, 7.80109],
			"to": [9, 16.5, 8.19891],
			"rotation": {"angle": 22.5, "axis": "y", "origin": [8, 8, 8]},
			"faces": {
				"north": {"uv": [0, 0, 1, 1], "texture": "#0"},
				"east": {"uv": [0, 0, 1, 1], "texture": "#0"},
				"south": {"uv": [0, 0, 1, 1], "texture": "#0"},
				"west": {"uv": [0, 0, 1, 1], "texture": "#0"},
				"up": {"uv": [0, 0, 1, 1], "texture": "#0"},
				"down": {"uv": [0, 0, 1, 1], "texture": "#0"}
			}
		}
	],
	"display": {
		"firstperson_righthand": {
			"translation": [0, -1.25, 0]
		},
		"firstperson_lefthand": {
			"translation": [0, -1.25, 0]
		},
		"ground": {
			"translation": [0, 6.5, 0],
			"scale": [0.5, 0.5, 0.5]
		},
		"gui": {
			"rotation": [0, 62, 0],
			"translation": [0, -1, 0],
			"scale": [0.4, 0.4, 0.4]
		},
		"head": {
			"rotation": [0, 90, 0],
			"translation": [0, -5.5, -0.25],
			"scale": [2.5, 2.5, 2.5]
		},
		"fixed": {
			"translation": [0, 2.5, 0],
			"scale": [0, 0, 0]
		}
	},
	"groups": [
		{
			"name": "Main Sign",
			"origin": [8, 10.97195, 8],
			"children": [0, 1, 2, 3, 4, 5, 6, 7, 8, 9, 10, 11]
		},
		{
			"name": "Main Sign2",
			"origin": [8, 10.97195, 8],
			"children": [12, 13, 14, 15, 16, 17, 18, 19, 20, 21, 22, 23, 24, 25]
		},
		{
			"name": "Post",
			"origin": [8, 8, 8],
			"children": [26, 27, 28, 29, 30, 31, 32, 33]
		}
	]
}